time,state,state_name,acceleration,altitude,height,speed
5.5,5,   coast,-18.27,2370.47,1073.69,221.86
5.5,5,   coast,-18.27,2370.47,1073.69,221.86
5.51,5,   coast,-18.24,2370.47,1073.69,221.68
5.52,5,   coast,-18.22,2372.47,1075.69,221.5
5.53,5,   coast,-18.2,2376.05,1079.27,221.32
5.54,5,   coast,-18.17,2380.05,1083.26,221.14
5.55,5,   coast,-18.15,2382.36,1085.58,220.97
5.56,5,   coast,-18.12,2385.21,1088.42,220.79
5.57,5,   coast,-18.1,2388.47,1091.69,220.62
5.58,5,   coast,-18.07,2393.11,1096.33,220.44
5.59,5,   coast,-18.04,2397.22,1100.44,220.27
5.6,5,   coast,-18.01,2400.28,1103.5,220.09
5.61,5,   coast,-17.98,2404.19,1107.4,219.91
5.62,5,   coast,-17.95,2404.19,1107.4,219.73
5.63,5,   coast,-17.92,2409.04,1112.26,219.56
5.64,5,   coast,-17.89,2414.96,1118.17,219.38
5.65,5,   coast,-17.86,2416.86,1120.08,219.2
5.66,5,   coast,-17.83,2420.03,1123.25,219.02
5.67,5,   coast,-17.8,2420.35,1123.56,218.83
5.68,5,   coast,-17.76,2422.46,1125.68,218.65
5.69,5,   coast,-17.73,2424.47,1127.69,218.47
5.7,5,   coast,-17.7,2427.85,1131.07,218.29
5.71,5,   coast,-17.66,2429.34,1132.55,218.11
5.72,5,   coast,-17.63,2431.77,1134.99,217.92
5.73,5,   coast,-17.6,2431.77,1134.99,217.74
5.74,5,   coast,-17.56,2435.9,1139.12,217.56
5.75,5,   coast,-17.53,2442.36,1145.58,217.38
5.76,5,   coast,-17.49,2445.75,1148.97,217.19
5.77,5,   coast,-17.46,2448.19,1151.4,217.01
5.78,5,   coast,-17.43,2448.72,1151.93,216.83
5.79,5,   coast,-17.39,2451.26,1154.48,216.65
5.8,5,   coast,-17.36,2453.06,1156.28,216.48
5.81,5,   coast,-17.33,2454.44,1157.66,216.3
5.82,5,   coast,-17.29,2455.08,1158.3,216.12
5.83,5,   coast,-17.26,2456.78,1159.99,215.95
5.84,5,   coast,-17.23,2456.78,1159.99,215.77
5.85,5,   coast,-17.19,2459.64,1162.86,215.6
5.86,5,   coast,-17.16,2460.17,1163.39,215.42
5.87,5,   coast,-17.13,2460.49,1163.71,215.25
5.88,5,   coast,-17.1,2461.98,1165.2,215.08
5.89,5,   coast,-17.07,2462.83,1166.04,214.91
5.9,5,   coast,-17.04,2462.83,1166.04,214.74
5.91,5,   coast,-17.01,2461.77,1164.98,214.58
5.92,5,   coast,-16.98,2462.3,1165.51,214.41
5.93,5,   coast,-16.95,2464.31,1167.53,214.24
5.94,5,   coast,-16.92,2465.27,1168.49,214.08
5.95,5,   coast,-16.9,2465.27,1168.49,213.92
5.96,5,   coast,-16.87,2467.5,1170.72,213.75
5.97,5,   coast,-16.84,2471.43,1174.65,213.59
5.98,5,   coast,-16.82,2474.73,1177.94,213.43
5.99,5,   coast,-16.79,2478.02,1181.24,213.27
6,5,   coast,-16.77,2479.4,1182.62,213.11
6.01,5,   coast,-16.74,2484.08,1187.3,212.95
6.02,5,   coast,-16.72,2487.6,1190.81,212.79
6.03,5,   coast,-16.7,2491.85,1195.07,212.63
6.04,5,   coast,-16.67,2494.2,1197.41,212.47
6.05,5,   coast,-16.65,2497.71,1200.93,212.31
6.06,5,   coast,-16.63,2497.71,1200.93,212.15
6.07,5,   coast,-16.61,2502.19,1205.41,211.99
6.08,5,   coast,-16.59,2507.09,1210.31,211.83
6.09,5,   coast,-16.57,2510.08,1213.3,211.67
6.1,5,   coast,-16.55,2511.36,1214.58,211.51
6.11,5,   coast,-16.53,2513.92,1217.14,211.35
6.12,5,   coast,-16.51,2517.02,1220.23,211.19
6.13,5,   coast,-16.49,2519.79,1223.01,211.03
6.14,5,   coast,-16.48,2520.65,1223.86,210.86
6.15,5,   coast,-16.46,2523.1,1226.32,210.69
6.16,5,   coast,-16.44,2526.41,1229.63,210.52
6.17,5,   coast,-16.42,2526.41,1229.63,210.35
6.18,5,   coast,-16.41,2529.41,1232.62,210.18
6.19,5,   coast,-16.39,2536.14,1239.36,210
6.2,5,   coast,-16.38,2538.07,1241.29,209.83
6.21,5,   coast,-16.36,2541.71,1244.92,209.66
6.22,5,   coast,-16.35,2542.13,1245.35,209.48
6.23,5,   coast,-16.33,2544.49,1247.71,209.31
6.24,5,   coast,-16.32,2545.56,1248.78,209.14
6.25,5,   coast,-16.3,2547.27,1250.49,208.97
6.26,5,   coast,-16.29,2548.88,1252.1,208.79
6.27,5,   coast,-16.27,2549.95,1253.17,208.62
6.28,5,   coast,-16.26,2549.95,1253.17,208.46
6.29,5,   coast,-16.25,2550.81,1254.02,208.29
6.3,5,   coast,-16.23,2553.06,1256.27,208.13
6.31,5,   coast,-16.22,2552.74,1255.95,207.97
6.32,5,   coast,-16.21,2555.09,1258.31,207.8
6.33,5,   coast,-16.19,2555.84,1259.06,207.64
6.34,5,   coast,-16.18,2555.42,1258.63,207.48
6.35,5,   coast,-16.16,2554.99,1258.2,207.33
6.36,5,   coast,-16.15,2555.31,1258.53,207.17
6.37,5,   coast,-16.14,2556.7,1259.92,207.01
6.38,5,   coast,-16.12,2557.13,1260.35,206.85
6.39,5,   coast,-16.11,2557.13,1260.35,206.69
6.4,5,   coast,-16.1,2559.49,1262.71,206.53
6.41,5,   coast,-16.08,2564.31,1267.53,206.38
6.42,5,   coast,-16.07,2567.64,1270.86,206.22
6.43,5,   coast,-16.05,2570.54,1273.76,206.07
6.44,5,   coast,-16.04,2574.19,1277.41,205.91
6.45,5,   coast,-16.02,2576.23,1279.45,205.76
6.46,5,   coast,-16.01,2579.67,1282.88,205.61
6.47,5,   coast,-16,2583.43,1286.64,205.46
6.48,5,   coast,-15.98,2586.97,1290.19,205.31
6.49,5,   coast,-15.97,2590.95,1294.17,205.16
6.5,5,   coast,-15.95,2590.95,1294.17,205.01
6.51,5,   coast,-15.94,2594.93,1298.15,204.85
6.52,5,   coast,-15.92,2598.7,1301.92,204.7
6.53,5,   coast,-15.91,2601.82,1305.04,204.55
6.54,5,   coast,-15.89,2603.55,1306.76,204.39
6.55,5,   coast,-15.88,2604.73,1307.95,204.23
6.56,5,   coast,-15.86,2607.96,1311.18,204.07
6.57,5,   coast,-15.85,2609.69,1312.9,203.91
6.58,5,   coast,-15.83,2611.09,1314.31,203.75
6.59,5,   coast,-15.82,2614,1317.22,203.59
6.6,5,   coast,-15.8,2617.13,1320.34,203.42
6.61,5,   coast,-15.79,2617.13,1320.34,203.25
6.62,5,   coast,-15.77,2620.69,1323.9,203.08
6.63,5,   coast,-15.76,2628.56,1331.78,202.91
6.64,5,   coast,-15.75,2629.32,1332.54,202.74
6.65,5,   coast,-15.73,2631.8,1335.02,202.58
6.66,5,   coast,-15.72,2632.67,1335.89,202.41
6.67,5,   coast,-15.7,2635.04,1338.26,202.24
6.68,5,   coast,-15.69,2636.34,1339.56,202.08
6.69,5,   coast,-15.68,2637.42,1340.64,201.92
6.7,5,   coast,-15.66,2639.58,1342.8,201.75
6.71,5,   coast,-15.65,2639.91,1343.13,201.59
6.72,5,   coast,-15.64,2639.91,1343.13,201.44
6.73,5,   coast,-15.63,2641.75,1344.96,201.28
6.74,5,   coast,-15.61,2643.15,1346.37,201.12
6.75,5,   coast,-15.6,2642.72,1345.94,200.97
6.76,5,   coast,-15.59,2642.72,1345.94,200.81
6.77,5,   coast,-15.58,2644.02,1347.23,200.66
6.78,5,   coast,-15.57,2643.91,1347.13,200.51
6.79,5,   coast,-15.55,2643.91,1347.13,200.35
6.8,5,   coast,-15.54,2644.45,1347.67,200.2
6.81,5,   coast,-15.53,2645.21,1348.42,200.05
6.82,5,   coast,-15.52,2646.94,1350.15,199.9
6.83,5,   coast,-15.51,2646.94,1350.15,199.75
6.84,5,   coast,-15.5,2649.97,1353.18,199.6
6.85,5,   coast,-15.49,2654.4,1357.62,199.44
6.86,5,   coast,-15.48,2657.22,1360.44,199.29
6.87,5,   coast,-15.47,2659.93,1363.14,199.15
6.88,5,   coast,-15.46,2663.5,1366.72,199
6.89,5,   coast,-15.45,2665.99,1369.21,198.85
6.9,5,   coast,-15.44,2667.3,1370.51,198.71
6.91,5,   coast,-15.43,2672.5,1375.72,198.57
6.92,5,   coast,-15.42,2675.86,1379.08,198.42
6.93,5,   coast,-15.41,2679.55,1382.77,198.27
6.94,5,   coast,-15.4,2679.55,1382.77,198.13
6.95,5,   coast,-15.39,2683.24,1386.46,197.98
6.96,5,   coast,-15.38,2687.91,1391.13,197.83
6.97,5,   coast,-15.37,2689.98,1393.19,197.68
6.98,5,   coast,-15.36,2690.85,1394.06,197.53
6.99,5,   coast,-15.35,2693.13,1396.35,197.38
7,5,   coast,-15.34,2694.43,1397.65,197.22
7.01,5,   coast,-15.33,2695.96,1399.17,197.07
7.02,5,   coast,-15.32,2698.35,1401.56,196.91
7.03,5,   coast,-15.31,2700.96,1404.18,196.75
7.04,5,   coast,-15.3,2704.33,1407.55,196.59
7.05,5,   coast,-15.29,2704.33,1407.55,196.43
7.06,5,   coast,-15.29,2708.14,1411.36,196.27
7.07,5,   coast,-15.28,2714.35,1417.56,196.1
7.08,5,   coast,-15.27,2716.53,1419.74,195.94
7.09,5,   coast,-15.26,2718.92,1422.14,195.78
7.1,5,   coast,-15.25,2719.69,1422.9,195.62
7.11,5,   coast,-15.24,2720.99,1424.21,195.46
7.12,5,   coast,-15.24,2723.94,1427.15,195.3
7.13,5,   coast,-15.23,2724.92,1428.14,195.14
7.14,5,   coast,-15.22,2726.44,1429.66,194.98
7.15,5,   coast,-15.21,2727.86,1431.08,194.82
7.16,5,   coast,-15.2,2727.86,1431.08,194.67
7.17,5,   coast,-15.19,2728.41,1431.63,194.52
7.18,5,   coast,-15.19,2729.39,1432.61,194.36
7.19,5,   coast,-15.18,2730.37,1433.59,194.21
7.2,5,   coast,-15.17,2729.5,1432.72,194.06
7.21,5,   coast,-15.16,2730.59,1433.81,193.91
7.22,5,   coast,-15.15,2730.15,1433.37,193.76
7.23,5,   coast,-15.14,2730.7,1433.92,193.61
7.24,5,   coast,-15.13,2730.26,1433.48,193.46
7.25,5,   coast,-15.12,2732.55,1435.77,193.31
7.26,5,   coast,-15.12,2733.43,1436.64,193.17
7.27,5,   coast,-15.11,2733.43,1436.64,193.02
7.28,5,   coast,-15.1,2735.94,1439.15,192.87
7.29,5,   coast,-15.09,2741.73,1444.94,192.72
7.3,5,   coast,-15.08,2744.02,1447.24,192.58
7.31,5,   coast,-15.07,2746.2,1449.42,192.43
7.32,5,   coast,-15.06,2749.05,1452.26,192.29
7.33,5,   coast,-15.05,2752.33,1455.54,192.14
7.34,5,   coast,-15.04,2755.5,1458.71,192
7.35,5,   coast,-15.03,2759.44,1462.65,191.86
7.36,5,   coast,-15.02,2762.61,1465.83,191.72
7.37,5,   coast,-15.01,2764.91,1468.13,191.57
7.38,5,   coast,-15,2764.91,1468.13,191.43
7.39,5,   coast,-14.99,2769.18,1472.4,191.28
7.4,5,   coast,-14.98,2773.89,1477.11,191.13
7.41,5,   coast,-14.97,2774.99,1478.2,190.99
7.42,5,   coast,-14.97,2776.52,1479.74,190.84
7.43,5,   coast,-14.96,2778.71,1481.93,190.69
7.44,5,   coast,-14.95,2780.8,1484.02,190.54
7.45,5,   coast,-14.94,2783.32,1486.54,190.39
7.46,5,   coast,-14.93,2783.43,1486.65,190.24
7.47,5,   coast,-14.92,2785.41,1488.62,190.08
7.48,5,   coast,-14.91,2789.36,1492.57,189.93
7.49,5,   coast,-14.9,2789.36,1492.57,189.78
7.5,5,   coast,-14.89,2793.31,1496.53,189.62
7.51,5,   coast,-14.89,2798.91,1502.13,189.46
7.52,5,   coast,-14.88,2801.22,1504.44,189.31
7.53,5,   coast,-14.87,2802.98,1506.19,189.15
7.54,5,   coast,-14.86,2805.07,1508.28,188.99
7.55,5,   coast,-14.85,2806.38,1509.6,188.84
7.56,5,   coast,-14.85,2808.36,1511.58,188.69
7.57,5,   coast,-14.84,2809.13,1512.35,188.53
7.58,5,   coast,-14.83,2810.56,1513.78,188.38
7.59,5,   coast,-14.82,2812.32,1515.54,188.23
7.6,5,   coast,-14.81,2812.32,1515.54,188.08
7.61,5,   coast,-14.81,2813.86,1517.08,187.93
7.62,5,   coast,-14.8,2815.85,1519.06,187.78
7.63,5,   coast,-14.79,2815.29,1518.51,187.63
7.64,5,   coast,-14.78,2815.85,1519.06,187.48
7.65,5,   coast,-14.78,2816.29,1519.5,187.34
7.66,5,   coast,-14.77,2816.07,1519.28,187.19
7.67,5,   coast,-14.76,2816.84,1520.05,187.05
7.68,5,   coast,-14.75,2816.95,1520.16,186.9
7.69,5,   coast,-14.74,2816.62,1519.83,186.76
7.7,5,   coast,-14.74,2818.38,1521.59,186.61
7.71,5,   coast,-14.73,2818.38,1521.59,186.47
7.72,5,   coast,-14.72,2819.59,1522.81,186.32
7.73,5,   coast,-14.71,2824.1,1527.32,186.18
7.74,5,   coast,-14.7,2825.98,1529.19,186.03
7.75,5,   coast,-14.69,2827.74,1530.96,185.89
7.76,5,   coast,-14.69,2831.27,1534.48,185.75
7.77,5,   coast,-14.68,2833.91,1537.13,185.61
7.78,5,   coast,-14.67,2838.21,1541.43,185.46
7.79,5,   coast,-14.66,2840.86,1544.08,185.32
7.8,5,   coast,-14.65,2844.39,1547.61,185.18
7.81,5,   coast,-14.65,2848.37,1551.59,185.03
7.82,5,   coast,-14.64,2848.37,1551.59,184.89
7.83,5,   coast,-14.63,2850.14,1553.35,184.75
7.84,5,   coast,-14.62,2854.66,1557.88,184.6
7.85,5,   coast,-14.61,2857.21,1560.42,184.46
7.86,5,   coast,-14.6,2857.98,1561.2,184.32
7.87,5,   coast,-14.6,2858.98,1562.19,184.17
7.88,5,   coast,-14.59,2861.41,1564.62,184.03
7.89,5,   coast,-14.58,2864.28,1567.5,183.89
7.9,5,   coast,-14.57,2866.16,1569.38,183.74
7.91,5,   coast,-14.56,2867.71,1570.93,183.59
7.92,5,   coast,-14.56,2868.04,1571.26,183.44
7.93,5,   coast,-14.55,2868.04,1571.26,183.29
7.94,5,   coast,-14.54,2872.47,1575.69,183.14
7.95,5,   coast,-14.53,2877.12,1580.34,182.99
7.96,5,   coast,-14.53,2879.23,1582.44,182.84
7.97,5,   coast,-14.52,2882,1585.21,182.69
7.98,5,   coast,-14.51,2886.65,1589.87,182.54
7.99,5,   coast,-14.5,2887.76,1590.98,182.39
8,5,   coast,-14.49,2889.2,1592.42,182.24
8.01,5,   coast,-14.49,2890.53,1593.75,182.09
8.02,5,   coast,-14.48,2892.31,1595.52,181.94
8.03,5,   coast,-14.47,2894.19,1597.41,181.8
8.04,5,   coast,-14.46,2894.19,1597.41,181.65
8.05,5,   coast,-14.45,2895.53,1598.74,181.5
8.06,5,   coast,-14.44,2898.41,1601.63,181.35
8.07,5,   coast,-14.44,2898.52,1601.74,181.21
8.08,5,   coast,-14.43,2899.41,1602.63,181.06
8.09,5,   coast,-14.42,2899.41,1602.63,180.92
8.1,5,   coast,-14.41,2899.63,1602.85,180.77
8.11,5,   coast,-14.4,2898.85,1602.07,180.63
8.12,5,   coast,-14.39,2899.19,1602.41,180.49
8.13,5,   coast,-14.38,2901.41,1604.63,180.34
8.14,5,   coast,-14.37,2900.63,1603.85,180.2
8.15,5,   coast,-14.36,2900.63,1603.85,180.06
8.16,5,   coast,-14.35,2901.85,1605.07,179.92
8.17,5,   coast,-14.35,2905.52,1608.73,179.78
8.18,5,   coast,-14.34,2906.41,1609.62,179.63
8.19,5,   coast,-14.33,2910.07,1613.29,179.5
8.2,5,   coast,-14.32,2912.41,1615.62,179.36
8.21,5,   coast,-14.31,2913.07,1616.29,179.22
8.22,5,   coast,-14.3,2916.3,1619.52,179.08
8.23,5,   coast,-14.29,2918.63,1621.85,178.94
8.24,5,   coast,-14.28,2922.19,1625.41,178.8
8.25,5,   coast,-14.27,2925.09,1628.3,178.66
8.26,5,   coast,-14.26,2925.09,1628.3,178.52
8.27,5,   coast,-14.25,2927.98,1631.2,178.38
8.28,5,   coast,-14.24,2933.88,1637.1,178.24
8.29,5,   coast,-14.23,2934.78,1637.99,178.1
8.3,5,   coast,-14.22,2937.56,1640.78,177.96
8.31,5,   coast,-14.21,2938.79,1642,177.81
8.32,5,   coast,-14.2,2940.79,1644.01,177.67
8.33,5,   coast,-14.2,2942.58,1645.79,177.53
8.34,5,   coast,-14.19,2944.7,1647.91,177.39
8.35,5,   coast,-14.18,2946.48,1649.7,177.25
8.36,5,   coast,-14.17,2948.94,1652.15,177.1
8.37,5,   coast,-14.16,2948.94,1652.15,176.96
8.38,5,   coast,-14.16,2950.05,1653.27,176.82
8.39,5,   coast,-14.15,2955.3,1658.51,176.67
8.4,5,   coast,-14.14,2958.09,1661.31,176.52
8.41,5,   coast,-14.14,2961.22,1664.43,176.38
8.42,5,   coast,-14.13,2963.45,1666.67,176.24
8.43,5,   coast,-14.12,2966.8,1670.02,176.1
8.44,5,   coast,-14.12,2968.26,1671.47,175.95
8.45,5,   coast,-14.11,2968.93,1672.15,175.81
8.46,5,   coast,-14.1,2970.83,1674.05,175.67
8.47,5,   coast,-14.1,2973.07,1676.28,175.53
8.48,5,   coast,-14.09,2973.07,1676.28,175.39
8.49,5,   coast,-14.08,2974.74,1677.96,175.24
8.5,5,   coast,-14.08,2976.76,1679.98,175.1
8.51,5,   coast,-14.07,2976.76,1679.98,174.96
8.52,5,   coast,-14.07,2977.99,1681.21,174.82
8.53,5,   coast,-14.06,2977.99,1681.21,174.68
8.54,5,   coast,-14.05,2977.99,1681.21,174.54
8.55,5,   coast,-14.05,2978.44,1681.65,174.39
8.56,5,   coast,-14.04,2980.12,1683.33,174.25
8.57,5,   coast,-14.03,2980,1683.22,174.11
8.58,5,   coast,-14.03,2980.56,1683.78,173.97
8.59,5,   coast,-14.02,2980.56,1683.78,173.83
8.6,5,   coast,-14.01,2981.57,1684.79,173.69
8.61,5,   coast,-14.01,2983.25,1686.47,173.55
8.62,5,   coast,-14,2985.49,1688.71,173.41
8.63,5,   coast,-13.99,2987.73,1690.95,173.28
8.64,5,   coast,-13.99,2989.75,1692.96,173.14
8.65,5,   coast,-13.98,2991.43,1694.64,173.01
8.66,5,   coast,-13.97,2992.77,1695.99,172.87
8.67,5,   coast,-13.97,2996.25,1699.46,172.74
8.68,5,   coast,-13.96,2998.04,1701.26,172.6
8.69,5,   coast,-13.95,3001.18,1704.4,172.46
8.7,5,   coast,-13.95,3001.18,1704.4,172.33
8.71,5,   coast,-13.94,3004.1,1707.32,172.19
8.72,5,   coast,-13.93,3007.92,1711.13,172.05
8.73,5,   coast,-13.92,3010.83,1714.05,171.91
8.74,5,   coast,-13.92,3012.18,1715.4,171.77
8.75,5,   coast,-13.91,3016.23,1719.44,171.63
8.76,5,   coast,-13.9,3017.69,1720.9,171.49
8.77,5,   coast,-13.9,3019.82,1723.04,171.35
8.78,5,   coast,-13.89,3021.51,1724.72,171.2
8.79,5,   coast,-13.88,3023.64,1726.86,171.06
8.8,5,   coast,-13.88,3024.77,1727.99,170.91
8.81,5,   coast,-13.87,3024.77,1727.99,170.77
8.82,5,   coast,-13.87,3027.13,1730.35,170.63
8.83,5,   coast,-13.86,3029.83,1733.05,170.48
8.84,5,   coast,-13.86,3031.41,1734.62,170.34
8.85,5,   coast,-13.85,3033.66,1736.87,170.2
8.86,5,   coast,-13.85,3037.15,1740.36,170.06
8.87,5,   coast,-13.84,3040.07,1743.29,169.93
8.88,5,   coast,-13.84,3043,1746.22,169.79
8.89,5,   coast,-13.84,3044.92,1748.14,169.65
8.9,5,   coast,-13.83,3046.95,1750.16,169.52
8.91,5,   coast,-13.83,3048.52,1751.74,169.38
8.92,5,   coast,-13.82,3048.52,1751.74,169.25
8.93,5,   coast,-13.82,3049.65,1752.87,169.11
8.94,5,   coast,-13.82,3053.26,1756.48,168.98
8.95,5,   coast,-13.81,3054.28,1757.49,168.84
8.96,5,   coast,-13.81,3055.4,1758.62,168.71
8.97,5,   coast,-13.81,3056.76,1759.97,168.57
8.98,5,   coast,-13.8,3057.21,1760.43,168.44
8.99,5,   coast,-13.8,3057.89,1761.1,168.3
9,5,   coast,-13.8,3059.13,1762.34,168.16
9.01,5,   coast,-13.8,3059.13,1762.34,168.02
9.02,5,   coast,-13.79,3059.47,1762.68,167.88
9.03,5,   coast,-13.79,3059.47,1762.68,167.75
9.04,5,   coast,-13.79,3059.8,1763.02,167.61
9.05,5,   coast,-13.78,3060.93,1764.15,167.47
9.06,5,   coast,-13.78,3061.5,1764.71,167.33
9.07,5,   coast,-13.77,3062.51,1765.73,167.19
9.08,5,   coast,-13.77,3063.64,1766.86,167.06
9.09,5,   coast,-13.77,3065.11,1768.33,166.92
9.1,5,   coast,-13.76,3067.82,1771.04,166.79
9.11,5,   coast,-13.76,3069.63,1772.84,166.65
9.12,5,   coast,-13.76,3071.55,1774.77,166.52
9.13,5,   coast,-13.75,3072.9,1776.12,166.38
9.14,5,   coast,-13.75,3072.9,1776.12,166.24
9.15,5,   coast,-13.74,3076.52,1779.74,166.11
9.16,5,   coast,-13.74,3080.93,1784.15,165.97
9.17,5,   coast,-13.73,3083.53,1786.75,165.83
9.18,5,   coast,-13.73,3085.8,1789.01,165.7
9.19,5,   coast,-13.72,3087.61,1790.82,165.56
9.2,5,   coast,-13.72,3089.87,1793.09,165.42
9.21,5,   coast,-13.72,3092.59,1795.81,165.28
9.22,5,   coast,-13.71,3094.63,1797.84,165.14
9.23,5,   coast,-13.71,3096.89,1800.11,164.99
9.24,5,   coast,-13.7,3099.38,1802.6,164.85
9.25,5,   coast,-13.7,3099.38,1802.6,164.71
9.26,5,   coast,-13.69,3100.4,1803.62,164.56
9.27,5,   coast,-13.69,3103.24,1806.46,164.42
9.28,5,   coast,-13.69,3105.73,1808.95,164.28
9.29,5,   coast,-13.68,3106.98,1810.2,164.13
9.3,5,   coast,-13.68,3108.8,1812.01,164
9.31,5,   coast,-13.68,3109.93,1813.15,163.86
9.32,5,   coast,-13.67,3113.22,1816.44,163.72
9.33,5,   coast,-13.67,3115.15,1818.37,163.58
9.34,5,   coast,-13.67,3118.78,1822,163.45
9.35,5,   coast,-13.67,3121.28,1824.5,163.31
9.36,5,   coast,-13.67,3121.28,1824.5,163.18
9.37,5,   coast,-13.66,3122.3,1825.52,163.05
9.38,5,   coast,-13.66,3125.48,1828.7,162.91
9.39,5,   coast,-13.66,3127.19,1830.41,162.78
9.4,5,   coast,-13.66,3128.89,1832.11,162.65
9.41,5,   coast,-13.66,3130.03,1833.25,162.52
9.42,5,   coast,-13.66,3130.83,1834.04,162.39
9.43,5,   coast,-13.66,3132.53,1835.75,162.26
9.44,5,   coast,-13.66,3133.9,1837.11,162.13
9.45,5,   coast,-13.66,3134.12,1837.34,162
9.46,5,   coast,-13.65,3134.46,1837.68,161.86
9.47,5,   coast,-13.65,3134.46,1837.68,161.73
9.48,5,   coast,-13.65,3134.92,1838.14,161.6
9.49,5,   coast,-13.65,3136.51,1839.73,161.46
9.5,5,   coast,-13.65,3136.74,1839.96,161.33
9.51,5,   coast,-13.65,3137.42,1840.64,161.19
9.52,5,   coast,-13.65,3138.1,1841.32,161.06
9.53,5,   coast,-13.65,3139.36,1842.57,160.92
9.54,5,   coast,-13.65,3140.84,1844.05,160.79
9.55,5,   coast,-13.65,3141.86,1845.08,160.65
9.56,5,   coast,-13.65,3143.57,1846.78,160.52
9.57,5,   coast,-13.65,3145.62,1848.83,160.38
9.58,5,   coast,-13.65,3145.62,1848.83,160.24
9.59,5,   coast,-13.65,3147.44,1850.66,160.1
9.6,5,   coast,-13.65,3150.51,1853.73,159.97
9.61,5,   coast,-13.65,3153.93,1857.15,159.83
9.62,5,   coast,-13.65,3155.07,1858.29,159.69
9.63,5,   coast,-13.65,3157.35,1860.57,159.55
9.64,5,   coast,-13.65,3159.75,1862.96,159.41
9.65,5,   coast,-13.65,3162.14,1865.36,159.27
9.66,5,   coast,-13.64,3164.19,1867.41,159.13
9.67,5,   coast,-13.64,3166.93,1870.15,158.99
9.68,5,   coast,-13.64,3168.53,1871.75,158.85
9.69,5,   coast,-13.64,3168.53,1871.75,158.71
9.7,5,   coast,-13.63,3170.81,1874.03,158.57
9.71,5,   coast,-13.63,3174.92,1878.14,158.42
9.72,5,   coast,-13.63,3175.49,1878.71,158.28
9.73,5,   coast,-13.63,3177.09,1880.31,158.14
9.74,5,   coast,-13.62,3179.04,1882.25,158
9.75,5,   coast,-13.62,3180.52,1883.74,157.86
9.76,5,   coast,-13.62,3181.66,1884.88,157.72
9.77,5,   coast,-13.61,3184.41,1887.62,157.58
9.78,5,   coast,-13.61,3184.86,1888.08,157.44
9.79,5,   coast,-13.61,3186.92,1890.14,157.3
9.8,5,   coast,-13.6,3186.92,1890.14,157.17
9.81,5,   coast,-13.6,3190.13,1893.34,157.03
9.82,5,   coast,-13.6,3194.47,1897.69,156.9
9.83,5,   coast,-13.59,3197.11,1900.32,156.76
9.84,5,   coast,-13.59,3198.82,1902.04,156.63
9.85,5,   coast,-13.59,3201.23,1904.44,156.5
9.86,5,   coast,-13.58,3202.6,1905.82,156.36
9.87,5,   coast,-13.58,3203.4,1906.62,156.23
9.88,5,   coast,-13.58,3205.35,1908.57,156.1
9.89,5,   coast,-13.58,3206.84,1910.06,155.97
9.9,5,   coast,-13.57,3207.87,1911.09,155.84
9.91,5,   coast,-13.57,3207.87,1911.09,155.7
9.92,5,   coast,-13.57,3209.13,1912.35,155.57
9.93,5,   coast,-13.56,3210.62,1913.84,155.44
9.94,5,   coast,-13.56,3210.74,1913.95,155.31
9.95,5,   coast,-13.56,3212.11,1915.33,155.18
9.96,5,   coast,-13.56,3212.34,1915.56,155.05
9.97,5,   coast,-13.55,3213.49,1916.71,154.92
9.98,5,   coast,-13.55,3214.06,1917.28,154.79
9.99,5,   coast,-13.55,3214.64,1917.85,154.66
10,5,   coast,-13.55,3215.21,1918.43,154.53
10.01,5,   coast,-13.54,3215.09,1918.31,154.4
10.02,5,   coast,-13.54,3215.09,1918.31,154.26
10.03,5,   coast,-13.54,3216.58,1919.8,154.13
10.04,5,   coast,-13.54,3218.99,1922.21,154
10.05,5,   coast,-13.53,3219.91,1923.13,153.86
10.06,5,   coast,-13.53,3221.75,1924.96,153.73
10.07,5,   coast,-13.53,3222.9,1926.11,153.59
10.08,5,   coast,-13.53,3225.77,1928.98,153.45
10.09,5,   coast,-13.52,3227.49,1930.7,153.31
10.1,5,   coast,-13.52,3230.01,1933.23,153.17
10.11,5,   coast,-13.52,3233.35,1936.56,153.03
10.12,5,   coast,-13.51,3234.84,1938.06,152.89
10.13,5,   coast,-13.51,3234.84,1938.06,152.75
10.14,5,   coast,-13.5,3238.17,1941.39,152.61
10.15,5,   coast,-13.5,3241.05,1944.26,152.46
10.16,5,   coast,-13.49,3244.27,1947.48,152.32
10.17,5,   coast,-13.49,3246.11,1949.33,152.18
10.18,5,   coast,-13.48,3247.83,1951.05,152.04
10.19,5,   coast,-13.48,3249.68,1952.89,151.9
10.2,5,   coast,-13.47,3251.52,1954.73,151.76
10.21,5,   coast,-13.47,3251.98,1955.19,151.62
10.22,5,   coast,-13.46,3253.13,1956.35,151.48
10.23,5,   coast,-13.46,3255.09,1958.3,151.35
10.24,5,   coast,-13.45,3255.09,1958.3,151.21
10.25,5,   coast,-13.44,3256.81,1960.03,151.08
10.26,5,   coast,-13.44,3260.27,1963.49,150.94
10.27,5,   coast,-13.43,3260.96,1964.18,150.81
10.28,5,   coast,-13.42,3261.88,1965.1,150.67
10.29,5,   coast,-13.42,3265.11,1968.33,150.54
10.3,5,   coast,-13.41,3266.96,1970.17,150.41
10.31,5,   coast,-13.4,3271.57,1974.79,150.27
10.32,5,   coast,-13.4,3272.26,1975.48,150.14
10.33,5,   coast,-13.39,3274.34,1977.55,150.01
10.34,5,   coast,-13.38,3277.34,1980.55,149.88
10.35,5,   coast,-13.37,3277.34,1980.55,149.74
10.36,5,   coast,-13.37,3278.26,1981.48,149.61
10.37,5,   coast,-13.36,3280.8,1984.02,149.48
10.38,5,   coast,-13.35,3282.3,1985.52,149.35
10.39,5,   coast,-13.34,3283.11,1986.33,149.22
10.4,5,   coast,-13.34,3283.34,1986.56,149.09
10.41,5,   coast,-13.33,3284.73,1987.95,148.96
10.42,5,   coast,-13.32,3284.73,1987.95,148.83
10.43,5,   coast,-13.32,3285.19,1988.41,148.71
10.44,5,   coast,-13.31,3285.88,1989.1,148.58
10.45,5,   coast,-13.3,3285.42,1988.64,148.45
10.46,5,   coast,-13.3,3285.42,1988.64,148.32
10.47,5,   coast,-13.29,3286.46,1989.68,148.19
10.48,5,   coast,-13.28,3286.81,1990.02,148.07
10.49,5,   coast,-13.28,3287.15,1990.37,147.94
10.5,5,   coast,-13.27,3287.96,1991.18,147.81
10.51,5,   coast,-13.26,3288.31,1991.53,147.68
10.52,5,   coast,-13.26,3290.85,1994.07,147.55
10.53,5,   coast,-13.25,3292.47,1995.69,147.41
10.54,5,   coast,-13.24,3293.97,1997.19,147.28
10.55,5,   coast,-13.24,3295.94,1999.16,147.15
10.56,5,   coast,-13.23,3297.91,2001.12,147.01
10.57,5,   coast,-13.22,3297.91,2001.12,146.88
10.58,5,   coast,-13.22,3301.03,2004.25,146.74
10.59,5,   coast,-13.21,3304.62,2007.83,146.6
10.6,5,   coast,-13.2,3306.7,2009.92,146.47
10.61,5,   coast,-13.2,3308.67,2011.89,146.33
10.62,5,   coast,-13.19,3310.29,2013.51,146.19
10.63,5,   coast,-13.18,3312.03,2015.24,146.05
10.64,5,   coast,-13.17,3315.04,2018.26,145.92
10.65,5,   coast,-13.17,3316.43,2019.65,145.78
10.66,5,   coast,-13.16,3318.75,2021.97,145.64
10.67,5,   coast,-13.15,3320.37,2023.59,145.5
10.68,5,   coast,-13.14,3320.37,2023.59,145.37
10.69,5,   coast,-13.13,3322,2025.21,145.23
10.7,5,   coast,-13.12,3325.36,2028.58,145.1
10.71,5,   coast,-13.12,3325.47,2028.69,144.96
10.72,5,   coast,-13.11,3326.63,2029.85,144.83
10.73,5,   coast,-13.1,3328.38,2031.59,144.7
10.74,5,   coast,-13.09,3330.7,2033.91,144.57
10.75,5,   coast,-13.08,3331.39,2034.61,144.44
10.76,5,   coast,-13.07,3332.9,2036.12,144.31
10.77,5,   coast,-13.06,3334.99,2038.21,144.18
10.78,5,   coast,-13.05,3335.69,2038.91,144.05
10.79,5,   coast,-13.04,3335.69,2038.91,143.92
10.8,5,   coast,-13.02,3338.82,2042.04,143.79
10.81,5,   coast,-13.01,3342.54,2045.76,143.66
10.82,5,   coast,-13,3345.68,2048.9,143.54
10.83,5,   coast,-12.99,3347.42,2050.64,143.41
10.84,5,   coast,-12.98,3348.94,2052.15,143.28
10.85,5,   coast,-12.97,3349.98,2053.2,143.15
10.86,5,   coast,-12.96,3351.96,2055.18,143.02
10.87,5,   coast,-12.95,3353.59,2056.81,142.9
10.88,5,   coast,-12.94,3353.82,2057.04,142.77
10.89,5,   coast,-12.93,3356.15,2059.37,142.64
10.9,5,   coast,-12.91,3356.15,2059.37,142.52
10.91,5,   coast,-12.9,3357.08,2060.3,142.39
10.92,5,   coast,-12.89,3358.83,2062.04,142.26
10.93,5,   coast,-12.88,3359.41,2062.62,142.14
10.94,5,   coast,-12.87,3359.99,2063.21,142.01
10.95,5,   coast,-12.86,3359.87,2063.09,141.89
10.96,5,   coast,-12.85,3360.34,2063.56,141.76
10.97,5,   coast,-12.84,3360.69,2063.91,141.64
10.98,5,   coast,-12.83,3360.22,2063.44,141.51
10.99,5,   coast,-12.82,3360.46,2063.67,141.39
11,5,   coast,-12.81,3360.34,2063.56,141.26
11.01,5,   coast,-12.8,3360.34,2063.56,141.13
11.02,5,   coast,-12.79,3361.62,2064.84,141
11.03,5,   coast,-12.78,3363.6,2066.82,140.87
11.04,5,   coast,-12.77,3365.58,2068.8,140.74
11.05,5,   coast,-12.76,3367.68,2070.89,140.61
11.06,5,   coast,-12.75,3369.19,2072.41,140.48
11.07,5,   coast,-12.74,3370.94,2074.16,140.35
11.08,5,   coast,-12.73,3372.45,2075.67,140.22
11.09,5,   coast,-12.72,3373.85,2077.07,140.09
11.1,5,   coast,-12.71,3377.58,2080.8,139.96
11.11,5,   coast,-12.7,3379.45,2082.67,139.83
11.12,5,   coast,-12.69,3379.45,2082.67,139.7
11.13,5,   coast,-12.68,3382.02,2085.24,139.57
11.14,5,   coast,-12.67,3385.4,2088.62,139.44
11.15,5,   coast,-12.66,3387.27,2090.49,139.31
11.16,5,   coast,-12.65,3389.49,2092.71,139.18
11.17,5,   coast,-12.64,3390.66,2093.87,139.06
11.18,5,   coast,-12.63,3392.99,2096.21,138.93
11.19,5,   coast,-12.62,3393.46,2096.68,138.8
11.2,5,   coast,-12.61,3395.8,2099.01,138.67
11.21,5,   coast,-12.6,3396.61,2099.83,138.55
11.22,5,   coast,-12.59,3397.9,2101.12,138.42
11.23,5,   coast,-12.58,3397.9,2101.12,138.29
11.24,5,   coast,-12.57,3399.42,2102.64,138.17
11.25,5,   coast,-12.56,3402.34,2105.56,138.04
11.26,5,   coast,-12.55,3403.4,2106.61,137.91
11.27,5,   coast,-12.54,3403.86,2107.08,137.79
11.28,5,   coast,-12.53,3406.44,2109.65,137.66
11.29,5,   coast,-12.51,3407.96,2111.17,137.54
11.3,5,   coast,-12.5,3410.06,2113.28,137.42
11.31,5,   coast,-12.49,3412.76,2115.97,137.29
11.32,5,   coast,-12.48,3414.28,2117.49,137.17
11.33,5,   coast,-12.47,3416.74,2119.95,137.04
11.34,5,   coast,-12.46,3416.74,2119.95,136.92
11.35,5,   coast,-12.44,3418.02,2121.24,136.8
11.36,5,   coast,-12.43,3420.95,2124.17,136.68
11.37,5,   coast,-12.42,3421.54,2124.76,136.56
11.38,5,   coast,-12.41,3423.41,2126.63,136.44
11.39,5,   coast,-12.4,3424.82,2128.04,136.32
11.4,5,   coast,-12.38,3425.88,2129.09,136.19
11.41,5,   coast,-12.37,3426.23,2129.44,136.07
11.42,5,   coast,-12.36,3428.1,2131.32,135.95
11.43,5,   coast,-12.35,3429.28,2132.49,135.83
11.44,5,   coast,-12.34,3430.1,2133.31,135.7
11.45,5,   coast,-12.32,3430.1,2133.31,135.58
11.46,5,   coast,-12.31,3430.1,2133.31,135.46
11.47,5,   coast,-12.3,3431.27,2134.49,135.33
11.48,5,   coast,-12.29,3431.62,2134.84,135.21
11.49,5,   coast,-12.28,3431.15,2134.37,135.08
11.5,5,   coast,-12.27,3432.32,2135.54,134.96
11.51,5,   coast,-12.26,3432.79,2136.01,134.84
11.52,5,   coast,-12.24,3433.15,2136.36,134.71
11.53,5,   coast,-12.23,3433.73,2136.95,134.59
11.54,5,   coast,-12.22,3434.08,2137.3,134.46
11.55,5,   coast,-12.21,3434.79,2138.01,134.34
11.56,5,   coast,-12.2,3434.79,2138.01,134.22
11.57,5,   coast,-12.19,3437.72,2140.94,134.09
11.58,5,   coast,-12.18,3440.77,2143.99,133.97
11.59,5,   coast,-12.17,3442.77,2145.99,133.84
11.6,5,   coast,-12.16,3444.88,2148.1,133.72
11.61,5,   coast,-12.15,3447.47,2150.69,133.6
11.62,5,   coast,-12.15,3449.23,2152.45,133.48
11.63,5,   coast,-12.14,3451.7,2154.92,133.36
11.64,5,   coast,-12.13,3452.87,2156.09,133.24
11.65,5,   coast,-12.12,3454.17,2157.38,133.12
11.66,5,   coast,-12.11,3456.99,2160.21,133
11.67,5,   coast,-12.1,3456.99,2160.21,132.88
11.68,5,   coast,-12.09,3458.52,2161.73,132.76
11.69,5,   coast,-12.08,3461.34,2164.56,132.64
11.7,5,   coast,-12.08,3462.52,2165.73,132.52
11.71,5,   coast,-12.07,3464.64,2167.85,132.4
11.72,5,   coast,-12.06,3466.4,2169.62,132.28
11.73,5,   coast,-12.05,3466.75,2169.97,132.16
11.74,5,   coast,-12.04,3467.93,2171.15,132.04
11.75,5,   coast,-12.04,3468.99,2172.21,131.92
11.76,5,   coast,-12.03,3470.17,2173.39,131.8
11.77,5,   coast,-12.02,3471.7,2174.92,131.68
11.78,5,   coast,-12.01,3471.7,2174.92,131.56
11.79,5,   coast,-12,3472.76,2175.98,131.44
11.8,5,   coast,-12,3475.35,2178.57,131.32
11.81,5,   coast,-11.99,3476.77,2179.98,131.2
11.82,5,   coast,-11.98,3478.89,2182.1,131.08
11.83,5,   coast,-11.97,3480.77,2183.99,130.96
11.84,5,   coast,-11.96,3482.9,2186.11,130.84
11.85,5,   coast,-11.96,3484.78,2188,130.73
11.86,5,   coast,-11.95,3486.32,2189.53,130.61
11.87,5,   coast,-11.94,3487.85,2191.07,130.49
11.88,5,   coast,-11.93,3490.21,2193.43,130.37
11.89,5,   coast,-11.92,3490.21,2193.43,130.25
11.9,5,   coast,-11.91,3491.15,2194.37,130.14
11.91,5,   coast,-11.9,3492.69,2195.91,130.02
11.92,5,   coast,-11.9,3494.69,2197.91,129.9
11.93,5,   coast,-11.89,3495.52,2198.74,129.78
11.94,5,   coast,-11.88,3495.99,2199.21,129.66
11.95,5,   coast,-11.87,3498,2201.22,129.54
11.96,5,   coast,-11.86,3498.71,2201.93,129.42
11.97,5,   coast,-11.85,3499.54,2202.75,129.3
11.98,5,   coast,-11.84,3500.6,2203.82,129.18
11.99,5,   coast,-11.83,3501.54,2204.76,129.06
12,5,   coast,-11.82,3501.54,2204.76,128.94
12.01,5,   coast,-11.81,3502.84,2206.06,128.82
12.02,5,   coast,-11.81,3502.61,2205.83,128.7
12.03,5,   coast,-11.8,3503.55,2206.77,128.57
12.04,5,   coast,-11.79,3504.38,2207.6,128.45
12.05,5,   coast,-11.78,3504.26,2207.48,128.33
12.06,5,   coast,-11.77,3504.97,2208.19,128.21
12.07,5,   coast,-11.76,3504.97,2208.19,128.09
12.08,5,   coast,-11.75,3505.33,2208.54,127.97
12.09,5,   coast,-11.74,3506.74,2209.96,127.85
12.1,5,   coast,-11.73,3508.05,2211.26,127.73
12.11,5,   coast,-11.73,3508.05,2211.26,127.62
12.12,5,   coast,-11.72,3510.65,2213.86,127.5
12.13,5,   coast,-11.71,3512.78,2215.99,127.38
12.14,5,   coast,-11.7,3515.02,2218.24,127.27
12.15,5,   coast,-11.69,3516.56,2219.78,127.15
12.16,5,   coast,-11.69,3518.81,2222.03,127.04
12.17,5,   coast,-11.68,3521.18,2224.39,126.92
12.18,5,   coast,-11.67,3522.36,2225.58,126.81
12.19,5,   coast,-11.67,3524.49,2227.71,126.69
12.2,5,   coast,-11.66,3527.1,2230.32,126.58
12.21,5,   coast,-11.65,3528.76,2231.97,126.47
12.22,5,   coast,-11.65,3528.76,2231.97,126.35
12.23,5,   coast,-11.64,3530.77,2233.99,126.24
12.24,5,   coast,-11.64,3533.02,2236.24,126.12
12.25,5,   coast,-11.63,3533.73,2236.95,126.01
12.26,5,   coast,-11.63,3534.68,2237.9,125.89
12.27,5,   coast,-11.62,3536.34,2239.56,125.78
12.28,5,   coast,-11.62,3538,2241.22,125.66
12.29,5,   coast,-11.61,3538.24,2241.46,125.55
12.3,5,   coast,-11.61,3540.38,2243.59,125.44
12.31,5,   coast,-11.61,3541.21,2244.42,125.32
12.32,5,   coast,-11.6,3542.51,2245.73,125.21
12.33,5,   coast,-11.6,3542.51,2245.73,125.1
12.34,5,   coast,-11.6,3543.94,2247.15,124.98
12.35,5,   coast,-11.59,3545.12,2248.34,124.87
12.36,5,   coast,-11.59,3547.85,2251.07,124.76
12.37,5,   coast,-11.59,3549.99,2253.21,124.64
12.38,5,   coast,-11.58,3551.65,2254.87,124.53
12.39,5,   coast,-11.58,3554.03,2257.24,124.42
12.4,5,   coast,-11.58,3555.33,2258.55,124.3
12.41,5,   coast,-11.57,3556.64,2259.86,124.19
12.42,5,   coast,-11.57,3557.59,2260.81,124.07
12.43,5,   coast,-11.56,3558.31,2261.52,123.95
12.44,5,   coast,-11.56,3558.31,2261.52,123.83
12.45,5,   coast,-11.56,3560.44,2263.66,123.71
12.46,5,   coast,-11.55,3561.75,2264.97,123.59
12.47,5,   coast,-11.55,3563.54,2266.75,123.48
12.48,5,   coast,-11.54,3563.65,2266.87,123.36
12.49,5,   coast,-11.54,3565.32,2268.54,123.24
12.5,5,   coast,-11.53,3565.91,2269.13,123.12
12.51,5,   coast,-11.53,3566.39,2269.61,123
12.52,5,   coast,-11.52,3567.82,2271.03,122.88
12.53,5,   coast,-11.52,3568.89,2272.11,122.76
12.54,5,   coast,-11.51,3569.84,2273.06,122.64
12.55,5,   coast,-11.5,3569.84,2273.06,122.52
12.56,5,   coast,-11.5,3570.55,2273.77,122.4
12.57,5,   coast,-11.49,3571.51,2274.72,122.28
12.58,5,   coast,-11.48,3572.7,2275.91,122.17
12.59,5,   coast,-11.48,3572.93,2276.15,122.05
12.6,5,   coast,-11.47,3573.29,2276.51,121.94
12.61,5,   coast,-11.46,3574.36,2277.58,121.82
12.62,5,   coast,-11.46,3575.2,2278.41,121.71
12.63,5,   coast,-11.45,3576.15,2279.37,121.59
12.64,5,   coast,-11.44,3576.03,2279.25,121.48
12.65,5,   coast,-11.44,3577.94,2281.15,121.36
12.66,5,   coast,-11.43,3577.94,2281.15,121.25
12.67,5,   coast,-11.42,3579.48,2282.7,121.14
12.68,5,   coast,-11.41,3582.58,2285.8,121.02
12.69,5,   coast,-11.41,3584.13,2287.35,120.91
12.7,5,   coast,-11.4,3585.32,2288.54,120.8
12.71,5,   coast,-11.4,3588.18,2291.4,120.69
12.72,5,   coast,-11.39,3588.66,2291.88,120.57
12.73,5,   coast,-11.38,3590.57,2293.78,120.46
12.74,5,   coast,-11.38,3592.95,2296.17,120.35
12.75,5,   coast,-11.37,3594.26,2297.48,120.24
12.76,5,   coast,-11.37,3595.46,2298.68,120.13
12.77,5,   coast,-11.36,3595.46,2298.68,120.02
12.78,5,   coast,-11.36,3597.37,2300.58,119.91
12.79,5,   coast,-11.35,3599.99,2303.21,119.79
12.8,5,   coast,-11.35,3601.9,2305.12,119.68
12.81,5,   coast,-11.35,3603.22,2306.43,119.57
12.82,5,   coast,-11.34,3603.22,2306.43,119.46
12.83,5,   coast,-11.34,3605.01,2308.22,119.35
12.84,5,   coast,-11.34,3605.96,2309.18,119.24
12.85,5,   coast,-11.33,3607.28,2310.49,119.13
12.86,5,   coast,-11.33,3608.59,2311.81,119.02
12.87,5,   coast,-11.33,3609.55,2312.76,118.91
12.88,5,   coast,-11.33,3609.55,2312.76,118.8
12.89,5,   coast,-11.33,3610.74,2313.96,118.69
12.9,5,   coast,-11.32,3612.3,2315.51,118.58
12.91,5,   coast,-11.32,3613.85,2317.07,118.47
12.92,5,   coast,-11.32,3614.93,2318.14,118.36
12.93,5,   coast,-11.32,3617.68,2320.89,118.24
12.94,5,   coast,-11.32,3618.87,2322.09,118.13
12.95,5,   coast,-11.31,3621.26,2324.48,118.02
12.96,5,   coast,-11.31,3622.82,2326.04,117.9
12.97,5,   coast,-11.31,3623.06,2326.28,117.79
12.98,5,   coast,-11.31,3625.33,2328.55,117.67
12.99,5,   coast,-11.31,3625.33,2328.55,117.55
13,5,   coast,-11.3,3625.45,2328.67,117.44
13.01,5,   coast,-11.3,3627.73,2330.94,117.32
13.02,5,   coast,-11.3,3629.04,2332.26,117.2
13.03,5,   coast,-11.29,3629.16,2332.38,117.08
13.04,5,   coast,-11.29,3630.72,2333.94,116.96
13.05,5,   coast,-11.29,3632.04,2335.25,116.85
13.06,5,   coast,-11.28,3632.76,2335.97,116.73
13.07,5,   coast,-11.28,3633.47,2336.69,116.61
13.08,5,   coast,-11.28,3635.51,2338.73,116.5
13.09,5,   coast,-11.27,3635.51,2338.73,116.38
13.1,5,   coast,-11.27,3635.51,2338.73,116.27
13.11,5,   coast,-11.26,3636.71,2339.93,116.15
13.12,5,   coast,-11.26,3638.39,2341.6,116.04
13.13,5,   coast,-11.25,3638.51,2341.72,115.92
13.14,5,   coast,-11.24,3639.47,2342.68,115.81
13.15,5,   coast,-11.24,3640.3,2343.52,115.7
13.16,5,   coast,-11.23,3640.54,2343.76,115.59
13.17,5,   coast,-11.23,3641.74,2344.96,115.48
13.18,5,   coast,-11.22,3641.62,2344.84,115.37
13.19,5,   coast,-11.21,3643.78,2347,115.26
13.2,5,   coast,-11.21,3643.42,2346.64,115.15
13.21,5,   coast,-11.2,3643.42,2346.64,115.04
13.22,5,   coast,-11.2,3644.5,2347.72,114.92
13.23,5,   coast,-11.19,3647.98,2351.2,114.81
13.24,5,   coast,-11.18,3648.94,2352.16,114.7
13.25,5,   coast,-11.18,3649.78,2353,114.59
13.26,5,   coast,-11.17,3651.1,2354.32,114.48
13.27,5,   coast,-11.16,3652.66,2355.88,114.37
13.28,5,   coast,-11.16,3654.46,2357.68,114.26
13.29,5,   coast,-11.15,3656.86,2360.08,114.15
13.3,5,   coast,-11.15,3658.42,2361.64,114.04
13.31,5,   coast,-11.14,3659.62,2362.84,113.93
13.32,5,   coast,-11.14,3659.62,2362.84,113.82
13.33,5,   coast,-11.13,3661.91,2365.12,113.71
13.34,5,   coast,-11.13,3663.95,2367.17,113.6
13.35,5,   coast,-11.12,3664.79,2368.01,113.49
13.36,5,   coast,-11.12,3666.71,2369.93,113.38
13.37,5,   coast,-11.12,3667.67,2370.89,113.28
13.38,5,   coast,-11.11,3668.64,2371.85,113.17
13.39,5,   coast,-11.11,3669.84,2373.06,113.06
13.4,5,   coast,-11.11,3670.92,2374.14,112.95
13.41,5,   coast,-11.1,3671.52,2374.74,112.84
13.42,5,   coast,-11.1,3672.97,2376.18,112.73
13.43,5,   coast,-11.1,3672.97,2376.18,112.63
13.44,5,   coast,-11.09,3674.41,2377.63,112.52
13.45,5,   coast,-11.09,3676.45,2379.67,112.4
13.46,5,   coast,-11.09,3676.94,2380.15,112.29
13.47,5,   coast,-11.09,3678.86,2382.08,112.18
13.48,5,   coast,-11.09,3680.18,2383.4,112.07
13.49,5,   coast,-11.08,3681.99,2385.21,111.96
13.5,5,   coast,-11.08,3684.64,2387.86,111.85
13.51,5,   coast,-11.08,3685.6,2388.82,111.73
13.52,5,   coast,-11.08,3686.69,2389.9,111.62
13.53,5,   coast,-11.08,3688.25,2391.47,111.5
13.54,5,   coast,-11.07,3688.25,2391.47,111.39
13.55,5,   coast,-11.07,3689.22,2392.43,111.27
13.56,5,   coast,-11.07,3690.42,2393.64,111.16
13.57,5,   coast,-11.07,3691.39,2394.6,111.04
13.58,5,   coast,-11.07,3692.71,2395.93,110.93
13.59,5,   coast,-11.06,3693.68,2396.89,110.82
13.6,5,   coast,-11.06,3694.64,2397.86,110.71
13.61,5,   coast,-11.06,3695.24,2398.46,110.6
13.62,5,   coast,-11.06,3696.21,2399.42,110.48
13.63,5,   coast,-11.05,3696.93,2400.15,110.37
13.64,5,   coast,-11.05,3697.65,2400.87,110.26
13.65,5,   coast,-11.05,3697.65,2400.87,110.15
13.66,5,   coast,-11.05,3699.58,2402.8,110.04
13.67,5,   coast,-11.04,3700.43,2403.65,109.93
13.68,5,   coast,-11.04,3700.91,2404.13,109.82
13.69,5,   coast,-11.04,3702.48,2405.7,109.71
13.7,5,   coast,-11.03,3703.57,2406.78,109.6
13.71,5,   coast,-11.03,3703.32,2406.54,109.5
13.72,5,   coast,-11.03,3704.77,2407.99,109.39
13.73,5,   coast,-11.02,3705.38,2408.59,109.28
13.74,5,   coast,-11.02,3705.38,2408.59,109.17
13.75,5,   coast,-11.02,3706.22,2409.44,109.06
13.76,5,   coast,-11.01,3706.22,2409.44,108.95
13.77,5,   coast,-11.01,3708.03,2411.25,108.84
13.78,5,   coast,-11.01,3709.72,2412.94,108.73
13.79,5,   coast,-11,3710.08,2413.3,108.62
13.8,5,   coast,-11,3710.69,2413.9,108.51
13.81,5,   coast,-11,3712.5,2415.72,108.4
13.82,5,   coast,-10.99,3713.95,2417.17,108.29
13.83,5,   coast,-10.99,3715.28,2418.49,108.18
13.84,5,   coast,-10.99,3716.12,2419.34,108.07
13.85,5,   coast,-10.98,3717.94,2421.15,107.96
13.86,5,   coast,-10.98,3719.39,2422.6,107.85
13.87,5,   coast,-10.98,3719.39,2422.6,107.75
13.88,5,   coast,-10.98,3722.05,2425.26,107.64
13.89,5,   coast,-10.97,3723.01,2426.23,107.53
13.9,5,   coast,-10.97,3724.1,2427.32,107.42
13.91,5,   coast,-10.97,3725.67,2428.89,107.31
13.92,5,   coast,-10.97,3726.88,2430.1,107.2
13.93,5,   coast,-10.96,3728.82,2432.04,107.1
13.94,5,   coast,-10.96,3729.3,2432.52,106.99
13.95,5,   coast,-10.96,3731,2434.21,106.88
13.96,5,   coast,-10.96,3732.33,2435.55,106.77
13.97,5,   coast,-10.95,3732.93,2436.15,106.66
13.98,5,   coast,-10.95,3732.93,2436.15,106.55
13.99,5,   coast,-10.95,3734.26,2437.48,106.44
14,5,   coast,-10.95,3737.29,2440.51,106.33
14.01,5,   coast,-10.94,3737.41,2440.63,106.22
14.02,5,   coast,-10.94,3738.74,2441.96,106.11
14.03,5,   coast,-10.94,3739.83,2443.05,106
14.04,5,   coast,-10.94,3740.8,2444.02,105.89
14.05,5,   coast,-10.93,3741.53,2444.75,105.78
14.06,5,   coast,-10.93,3742.74,2445.96,105.67
14.07,5,   coast,-10.93,3744.56,2447.78,105.55
14.08,5,   coast,-10.93,3745.89,2449.11,105.44
14.09,5,   coast,-10.93,3745.89,2449.11,105.33
14.1,5,   coast,-10.92,3747.95,2451.17,105.22
14.11,5,   coast,-10.92,3750.74,2453.96,105.11
14.12,5,   coast,-10.92,3751.71,2454.93,104.99
14.13,5,   coast,-10.91,3751.96,2455.17,104.88
14.14,5,   coast,-10.91,3752.44,2455.66,104.77
14.15,5,   coast,-10.91,3753.41,2456.63,104.66
14.16,5,   coast,-10.91,3754.14,2457.36,104.56
14.17,5,   coast,-10.9,3755.35,2458.57,104.45
14.18,5,   coast,-10.9,3756.93,2460.15,104.34
14.19,5,   coast,-10.9,3757.17,2460.39,104.23
14.2,5,   coast,-10.9,3757.17,2460.39,104.12
14.21,5,   coast,-10.89,3758.63,2461.85,104.02
14.22,5,   coast,-10.89,3760.33,2463.54,103.91
14.23,5,   coast,-10.89,3760.69,2463.91,103.8
14.24,5,   coast,-10.88,3762.27,2465.49,103.69
14.25,5,   coast,-10.88,3763.12,2466.34,103.59
14.26,5,   coast,-10.88,3763.48,2466.7,103.48
14.27,5,   coast,-10.88,3764.7,2467.92,103.37
14.28,5,   coast,-10.88,3765.55,2468.77,103.26
14.29,5,   coast,-10.87,3766.28,2469.49,103.15
14.3,5,   coast,-10.87,3767.49,2470.71,103.05
14.31,5,   coast,-10.87,3767.49,2470.71,102.94
14.32,5,   coast,-10.87,3768.71,2471.92,102.83
14.33,5,   coast,-10.87,3769.07,2472.29,102.72
14.34,5,   coast,-10.86,3770.65,2473.87,102.61
14.35,5,   coast,-10.86,3771.62,2474.84,102.5
14.36,5,   coast,-10.86,3772.23,2475.45,102.39
14.37,5,   coast,-10.86,3773.2,2476.42,102.29
14.38,5,   coast,-10.86,3773.93,2477.15,102.18
14.39,5,   coast,-10.86,3774.54,2477.76,102.07
14.4,5,   coast,-10.85,3775.03,2478.24,101.96
14.41,5,   coast,-10.85,3775.76,2478.97,101.86
14.42,5,   coast,-10.85,3775.76,2478.97,101.75
14.43,5,   coast,-10.85,3776.85,2480.07,101.64
14.44,5,   coast,-10.85,3779.77,2482.99,101.53
14.45,5,   coast,-10.84,3780.01,2483.23,101.43
14.46,5,   coast,-10.84,3781.72,2484.93,101.32
14.47,5,   coast,-10.84,3782.81,2486.03,101.21
14.48,5,   coast,-10.84,3784.76,2487.97,101.1
14.49,5,   coast,-10.84,3785.12,2488.34,101
14.5,5,   coast,-10.83,3786.34,2489.56,100.89
14.51,5,   coast,-10.83,3788.9,2492.11,100.78
14.52,5,   coast,-10.83,3789.87,2493.09,100.67
14.53,5,   coast,-10.83,3789.87,2493.09,100.56
14.54,5,   coast,-10.82,3790.6,2493.82,100.45
14.55,5,   coast,-10.82,3793.16,2496.38,100.34
14.56,5,   coast,-10.82,3793.4,2496.62,100.23
14.57,5,   coast,-10.81,3795.6,2498.81,100.12
14.58,5,   coast,-10.81,3796.2,2499.42,100.02
14.59,5,   coast,-10.8,3797.79,2501.01,99.91
14.6,5,   coast,-10.8,3798.15,2501.37,99.79
14.61,5,   coast,-10.8,3798.76,2501.98,99.68
14.62,5,   coast,-10.79,3799.49,2502.71,99.57
14.63,5,   coast,-10.79,3800.96,2504.17,99.46
14.64,5,   coast,-10.78,3800.96,2504.17,99.35
14.65,5,   coast,-10.78,3802.42,2505.64,99.24
14.66,5,   coast,-10.77,3804.49,2507.71,99.13
14.67,5,   coast,-10.76,3804.49,2507.71,99.02
14.68,5,   coast,-10.76,3805.84,2509.05,98.91
14.69,5,   coast,-10.75,3807.54,2510.76,98.8
14.7,5,   coast,-10.74,3808.88,2512.1,98.69
14.71,5,   coast,-10.74,3810.47,2513.69,98.58
14.72,5,   coast,-10.73,3811.69,2514.91,98.48
14.73,5,   coast,-10.73,3813.16,2516.37,98.37
14.74,5,   coast,-10.72,3814.13,2517.35,98.26
14.75,5,   coast,-10.71,3814.13,2517.35,98.16
14.76,5,   coast,-10.71,3815.84,2519.06,98.05
14.77,5,   coast,-10.7,3816.45,2519.67,97.94
14.78,5,   coast,-10.69,3817.55,2520.77,97.84
14.79,5,   coast,-10.69,3818.28,2521.5,97.73
14.8,5,   coast,-10.68,3818.65,2521.87,97.63
14.81,5,   coast,-10.67,3819.63,2522.84,97.52
14.82,5,   coast,-10.67,3820.97,2524.19,97.42
14.83,5,   coast,-10.66,3820.73,2523.94,97.31
14.84,5,   coast,-10.66,3821.95,2525.17,97.21
14.85,5,   coast,-10.65,3823.17,2526.39,97.1
14.86,5,   coast,-10.65,3823.17,2526.39,97
14.87,5,   coast,-10.64,3824.27,2527.49,96.89
14.88,5,   coast,-10.64,3825.98,2529.2,96.79
14.89,5,   coast,-10.63,3826.23,2529.44,96.68
14.9,5,   coast,-10.63,3827.94,2531.15,96.57
14.91,5,   coast,-10.62,3827.94,2531.15,96.47
14.92,5,   coast,-10.62,3828.67,2531.89,96.36
14.93,5,   coast,-10.62,3829.16,2532.38,96.26
14.94,5,   coast,-10.61,3830.26,2533.48,96.15
14.95,5,   coast,-10.61,3830.87,2534.09,96.05
14.96,5,   coast,-10.61,3831.48,2534.7,95.95
14.97,5,   coast,-10.6,3831.48,2534.7,95.84
14.98,5,   coast,-10.6,3832.46,2535.68,95.74
14.99,5,   coast,-10.6,3834.79,2538,95.63
15,5,   coast,-10.6,3835.03,2538.25,95.53
15.01,5,   coast,-10.6,3836.62,2539.84,95.42
15.02,5,   coast,-10.59,3837.48,2540.69,95.32
15.03,5,   coast,-10.59,3837.36,2540.57,95.21
15.04,5,   coast,-10.59,3839.07,2542.29,95.11
15.05,5,   coast,-10.59,3839.31,2542.53,95
15.06,5,   coast,-10.59,3841.88,2545.1,94.89
15.07,5,   coast,-10.58,3841.88,2545.1,94.79
15.08,5,   coast,-10.58,3841.88,2545.1,94.68
15.09,5,   coast,-10.58,3842.74,2545.96,94.58
15.1,5,   coast,-10.58,3844.21,2547.43,94.47
15.11,5,   coast,-10.57,3845.56,2548.77,94.36
15.12,5,   coast,-10.57,3848.01,2551.22,94.26
15.13,5,   coast,-10.57,3847.89,2551.1,94.15
15.14,5,   coast,-10.57,3850.09,2553.31,94.04
15.15,5,   coast,-10.56,3851.81,2555.02,93.93
15.16,5,   coast,-10.56,3851.68,2554.9,93.83
15.17,5,   coast,-10.56,3853.28,2556.49,93.72
15.18,5,   coast,-10.55,3853.77,2556.98,93.61
15.19,5,   coast,-10.55,3853.77,2556.98,93.51
15.2,5,   coast,-10.54,3854.63,2557.84,93.4
15.21,5,   coast,-10.54,3857.32,2560.54,93.29
15.22,5,   coast,-10.54,3857.57,2560.79,93.18
15.23,5,   coast,-10.53,3858.67,2561.89,93.07
15.24,5,   coast,-10.52,3859.41,2562.63,92.97
15.25,5,   coast,-10.52,3860.88,2564.1,92.86
15.26,5,   coast,-10.51,3861,2564.22,92.75
15.27,5,   coast,-10.51,3862.6,2565.81,92.65
15.28,5,   coast,-10.5,3864.44,2567.66,92.54
15.29,5,   coast,-10.49,3865.3,2568.51,92.44
15.3,5,   coast,-10.49,3865.3,2568.51,92.33
15.31,5,   coast,-10.48,3865.67,2568.88,92.23
15.32,5,   coast,-10.47,3868.12,2571.34,92.12
15.33,5,   coast,-10.46,3868.86,2572.07,92.02
15.34,5,   coast,-10.46,3869.84,2573.06,91.91
15.35,5,   coast,-10.45,3871.31,2574.53,91.81
15.36,5,   coast,-10.44,3872.54,2575.76,91.7
15.37,5,   coast,-10.44,3874.51,2577.72,91.6
15.38,5,   coast,-10.43,3874.38,2577.6,91.5
15.39,5,   coast,-10.42,3874.63,2577.85,91.39
15.4,5,   coast,-10.41,3876.1,2579.32,91.29
15.41,5,   coast,-10.41,3876.1,2579.32,91.19
15.42,5,   coast,-10.4,3877.09,2580.3,91.08
15.43,5,   coast,-10.39,3878.44,2581.66,90.98
15.44,5,   coast,-10.38,3878.81,2582.02,90.87
15.45,5,   coast,-10.38,3878.93,2582.15,90.77
15.46,5,   coast,-10.37,3880.65,2583.87,90.67
15.47,5,   coast,-10.36,3881.27,2584.48,90.56
15.48,5,   coast,-10.36,3881.76,2584.98,90.46
15.49,5,   coast,-10.35,3883.11,2586.33,90.36
15.5,5,   coast,-10.35,3884.34,2587.56,90.26
15.51,5,   coast,-10.34,3884.46,2587.68,90.15
15.52,5,   coast,-10.33,3884.46,2587.68,90.05
15.53,5,   coast,-10.33,3884.96,2588.17,89.95
15.54,5,   coast,-10.32,3886.43,2589.65,89.85
15.55,5,   coast,-10.32,3887.29,2590.51,89.75
15.56,5,   coast,-10.31,3887.78,2591,89.65
15.57,5,   coast,-10.31,3889.14,2592.35,89.54
15.58,5,   coast,-10.31,3889.75,2592.97,89.44
15.59,5,   coast,-10.3,3890.49,2593.71,89.34
15.6,5,   coast,-10.3,3892.09,2595.31,89.24
15.61,5,   coast,-10.29,3892.46,2595.68,89.14
15.62,5,   coast,-10.29,3893.45,2596.66,89.03
15.63,5,   coast,-10.29,3893.45,2596.66,88.93
15.64,5,   coast,-10.28,3893.94,2597.15,88.83
15.65,5,   coast,-10.28,3895.78,2599,88.73
15.66,5,   coast,-10.28,3896.89,2600.11,88.62
15.67,5,   coast,-10.28,3898,2601.22,88.52
15.68,5,   coast,-10.27,3898,2601.22,88.42
15.69,5,   coast,-10.27,3898.49,2601.71,88.32
15.7,5,   coast,-10.27,3899.48,2602.7,88.21
15.71,5,   coast,-10.27,3901.82,2605.04,88.11
15.72,5,   coast,-10.26,3901.45,2604.67,88.01
15.73,5,   coast,-10.26,3903.17,2606.39,87.9
15.74,5,   coast,-10.26,3903.17,2606.39,87.8
15.75,5,   coast,-10.26,3902.93,2606.15,87.7
15.76,5,   coast,-10.25,3904.78,2607.99,87.59
15.77,5,   coast,-10.25,3906.13,2609.35,87.49
15.78,5,   coast,-10.25,3906.75,2609.97,87.38
15.79,5,   coast,-10.24,3908.35,2611.57,87.28
15.8,5,   coast,-10.24,3908.97,2612.19,87.18
15.81,5,   coast,-10.24,3909.83,2613.05,87.07
15.82,5,   coast,-10.24,3911.06,2614.28,86.97
15.83,5,   coast,-10.23,3911.93,2615.14,86.87
15.84,5,   coast,-10.23,3912.67,2615.88,86.76
15.85,5,   coast,-10.23,3912.67,2615.88,86.66
15.86,5,   coast,-10.22,3914.39,2617.61,86.56
15.87,5,   coast,-10.22,3915.51,2618.72,86.45
15.88,5,   coast,-10.22,3916.99,2620.2,86.35
15.89,5,   coast,-10.21,3916.49,2619.71,86.25
15.9,5,   coast,-10.21,3917.85,2621.07,86.15
15.91,5,   coast,-10.21,3919.21,2622.42,86.05
15.92,5,   coast,-10.2,3920.81,2624.03,85.94
15.93,5,   coast,-10.2,3920.57,2623.78,85.84
15.94,5,   coast,-10.19,3921.8,2625.02,85.74
15.95,5,   coast,-10.19,3922.29,2625.51,85.64
15.96,5,   coast,-10.19,3922.29,2625.51,85.54
15.97,5,   coast,-10.18,3923.28,2626.5,85.44
15.98,5,   coast,-10.18,3924.27,2627.49,85.33
15.99,5,   coast,-10.18,3926.12,2629.34,85.23
16,5,   coast,-10.18,3927.23,2630.45,85.13
16.01,5,   coast,-10.17,3928.59,2631.81,85.03
16.02,5,   coast,-10.17,3929.95,2633.17,84.93
16.03,5,   coast,-10.17,3930.94,2634.16,84.83
16.04,5,   coast,-10.16,3932.67,2635.89,84.73
16.05,5,   coast,-10.16,3932.92,2636.14,84.63
16.06,5,   coast,-10.16,3933.04,2636.26,84.52
16.07,5,   coast,-10.16,3933.04,2636.26,84.42
16.08,5,   coast,-10.15,3935.27,2638.48,84.32
16.09,5,   coast,-10.15,3935.39,2638.61,84.22
16.1,5,   coast,-10.15,3937.25,2640.46,84.12
16.11,5,   coast,-10.15,3938.11,2641.33,84.02
16.12,5,   coast,-10.15,3938.73,2641.95,83.92
16.13,5,   coast,-10.15,3939.47,2642.69,83.82
16.14,5,   coast,-10.14,3940.46,2643.68,83.72
16.15,5,   coast,-10.14,3940.96,2644.17,83.62
16.16,5,   coast,-10.14,3941.7,2644.92,83.52
16.17,5,   coast,-10.14,3941.57,2644.79,83.42
16.18,5,   coast,-10.14,3941.57,2644.79,83.32
16.19,5,   coast,-10.14,3943.06,2646.28,83.22
16.2,5,   coast,-10.14,3944.54,2647.76,83.11
16.21,5,   coast,-10.14,3944.54,2647.76,83.01
16.22,5,   coast,-10.14,3946.15,2649.37,82.91
16.23,5,   coast,-10.14,3946.4,2649.62,82.81
16.24,5,   coast,-10.14,3946.9,2650.11,82.71
16.25,5,   coast,-10.14,3947.39,2650.61,82.61
16.26,5,   coast,-10.14,3947.39,2650.61,82.51
16.27,5,   coast,-10.14,3947.64,2650.86,82.41
16.28,5,   coast,-10.14,3949.37,2652.59,82.3
16.29,5,   coast,-10.14,3949.37,2652.59,82.2
16.3,5,   coast,-10.13,3949.87,2653.09,82.1
16.31,5,   coast,-10.13,3951.48,2654.7,82
16.32,5,   coast,-10.13,3952.96,2656.18,81.9
16.33,5,   coast,-10.13,3953.34,2656.55,81.79
16.34,5,   coast,-10.13,3953.96,2657.17,81.69
16.35,5,   coast,-10.13,3953.71,2656.92,81.59
16.36,5,   coast,-10.13,3954.82,2658.04,81.49
16.37,5,   coast,-10.13,3956.06,2659.28,81.39
16.38,5,   coast,-10.13,3957.67,2660.89,81.29
16.39,5,   coast,-10.13,3958.42,2661.63,81.18
16.4,5,   coast,-10.13,3958.42,2661.63,81.08
16.41,5,   coast,-10.13,3959.04,2662.25,80.98
16.42,5,   coast,-10.13,3961.14,2664.36,80.88
16.43,5,   coast,-10.13,3962.01,2665.23,80.77
16.44,5,   coast,-10.13,3962.76,2665.97,80.67
16.45,5,   coast,-10.12,3963.5,2666.72,80.57
16.46,5,   coast,-10.12,3964.86,2668.08,80.47
16.47,5,   coast,-10.12,3965.11,2668.33,80.37
16.48,5,   coast,-10.12,3965.48,2668.7,80.27
16.49,5,   coast,-10.12,3967.59,2670.81,80.16
16.5,5,   coast,-10.12,3968.34,2671.55,80.06
16.51,5,   coast,-10.12,3968.34,2671.55,79.96
16.52,5,   coast,-10.12,3969.33,2672.55,79.86
16.53,5,   coast,-10.12,3970.82,2674.04,79.76
16.54,5,   coast,-10.12,3971.94,2675.15,79.66
16.55,5,   coast,-10.12,3971.69,2674.9,79.56
16.56,5,   coast,-10.11,3972.93,2676.15,79.46
16.57,5,   coast,-10.11,3974.42,2677.64,79.36
16.58,5,   coast,-10.11,3974.29,2677.51,79.26
16.59,5,   coast,-10.11,3976.03,2679.25,79.16
16.6,5,   coast,-10.11,3975.78,2679,79.06
16.61,5,   coast,-10.11,3976.53,2679.75,78.96
16.62,5,   coast,-10.11,3976.53,2679.75,78.86
16.63,5,   coast,-10.11,3978.52,2681.73,78.75
16.64,5,   coast,-10.12,3979.76,2682.98,78.65
16.65,5,   coast,-10.12,3980.01,2683.22,78.55
16.66,5,   coast,-10.12,3981.12,2684.34,78.45
16.67,5,   coast,-10.12,3982.49,2685.71,78.35
16.68,5,   coast,-10.12,3982.49,2685.71,78.25
16.69,5,   coast,-10.12,3983.86,2687.08,78.15
16.7,5,   coast,-10.12,3984.85,2688.07,78.05
16.71,5,   coast,-10.12,3985.6,2688.82,77.95
16.72,5,   coast,-10.13,3986.22,2689.44,77.85
16.73,5,   coast,-10.13,3986.22,2689.44,77.75
16.74,5,   coast,-10.13,3988.46,2691.68,77.65
16.75,5,   coast,-10.13,3990.45,2693.66,77.55
16.76,5,   coast,-10.14,3990.45,2693.66,77.45
16.77,5,   coast,-10.14,3991.57,2694.78,77.35
16.78,5,   coast,-10.14,3992.69,2695.9,77.25
16.79,5,   coast,-10.14,3993.43,2696.65,77.15
16.8,5,   coast,-10.15,3992.94,2696.15,77.05
16.81,5,   coast,-10.15,3994.05,2697.27,76.94
16.82,5,   coast,-10.15,3994.93,2698.14,76.84
16.83,5,   coast,-10.16,3995.05,2698.27,76.74
16.84,5,   coast,-10.16,3995.05,2698.27,76.64
16.85,5,   coast,-10.16,3996.79,2700.01,76.54
16.86,5,   coast,-10.16,3997.91,2701.13,76.44
16.87,5,   coast,-10.17,3997.54,2700.76,76.33
16.88,5,   coast,-10.17,3999.16,2702.37,76.23
16.89,5,   coast,-10.17,3999.65,2702.87,76.13
16.9,5,   coast,-10.18,4000.9,2704.12,76.03
16.91,5,   coast,-10.18,4001.27,2704.49,75.93
16.92,5,   coast,-10.18,4001.9,2705.11,75.82
16.93,5,   coast,-10.18,4001.9,2705.11,75.72
16.94,5,   coast,-10.18,4002.64,2705.86,75.62
16.95,5,   coast,-10.19,4002.64,2705.86,75.52
16.96,5,   coast,-10.19,4004.14,2707.35,75.41
16.97,5,   coast,-10.19,4004.64,2707.85,75.31
16.98,5,   coast,-10.19,4005.38,2708.6,75.21
16.99,5,   coast,-10.19,4006.01,2709.22,75.1
17,5,   coast,-10.19,4007,2710.22,75
17.01,5,   coast,-10.19,4007.5,2710.72,74.9
17.02,5,   coast,-10.19,4008.12,2711.34,74.8
17.03,5,   coast,-10.19,4008.87,2712.09,74.69
17.04,5,   coast,-10.19,4009.37,2712.59,74.59
17.05,5,   coast,-10.19,4009.87,2713.09,74.49
17.06,5,   coast,-10.19,4009.87,2713.09,74.38
17.07,5,   coast,-10.19,4010.12,2713.33,74.28
17.08,5,   coast,-10.19,4011.86,2715.08,74.18
17.09,5,   coast,-10.18,4012.73,2715.95,74.08
17.1,5,   coast,-10.18,4012.98,2716.2,73.97
17.11,5,   coast,-10.18,4014.11,2717.32,73.87
17.12,5,   coast,-10.18,4015.1,2718.32,73.77
17.13,5,   coast,-10.18,4016.48,2719.69,73.67
17.14,5,   coast,-10.18,4016.72,2719.94,73.56
17.15,5,   coast,-10.17,4017.47,2720.69,73.46
17.16,5,   coast,-10.17,4018.6,2721.81,73.36
17.17,5,   coast,-10.17,4018.6,2721.81,73.26
17.18,5,   coast,-10.17,4019.72,2722.94,73.16
17.19,5,   coast,-10.16,4020.97,2724.18,73.06
17.2,5,   coast,-10.16,4020.97,2724.18,72.95
17.21,5,   coast,-10.16,4022.21,2725.43,72.85
17.22,5,   coast,-10.15,4022.46,2725.68,72.75
17.23,5,   coast,-10.15,4023.59,2726.8,72.65
17.24,5,   coast,-10.15,4024.46,2727.68,72.55
17.25,5,   coast,-10.15,4025.21,2728.43,72.45
17.26,5,   coast,-10.14,4025.58,2728.8,72.35
17.27,5,   coast,-10.14,4027.08,2730.3,72.24
17.28,5,   coast,-10.14,4027.08,2730.3,72.14
17.29,5,   coast,-10.14,4027.46,2730.67,72.04
17.3,5,   coast,-10.14,4028.7,2731.92,71.94
17.31,5,   coast,-10.13,4030.08,2733.29,71.84
17.32,5,   coast,-10.13,4030.58,2733.79,71.74
17.33,5,   coast,-10.13,4030.45,2733.67,71.64
17.34,5,   coast,-10.13,4031.7,2734.92,71.54
17.35,5,   coast,-10.13,4032.33,2735.54,71.44
17.36,5,   coast,-10.13,4032.45,2735.67,71.34
17.37,5,   coast,-10.12,4034.07,2737.29,71.24
17.38,5,   coast,-10.12,4034.82,2738.04,71.14
17.39,5,   coast,-10.12,4034.82,2738.04,71.04
17.4,5,   coast,-10.12,4035.45,2738.67,70.94
17.41,5,   coast,-10.12,4037.45,2740.67,70.84
17.42,5,   coast,-10.12,4038.07,2741.29,70.74
17.43,5,   coast,-10.12,4038.7,2741.92,70.64
17.44,5,   coast,-10.12,4039.7,2742.92,70.54
17.45,5,   coast,-10.12,4040.07,2743.29,70.43
17.46,5,   coast,-10.12,4039.82,2743.04,70.33
17.47,5,   coast,-10.12,4041.45,2744.67,70.23
17.48,5,   coast,-10.12,4042.07,2745.29,70.13
17.49,5,   coast,-10.12,4042.57,2745.79,70.03
17.5,5,   coast,-10.12,4042.57,2745.79,69.93
17.51,5,   coast,-10.12,4043.7,2746.92,69.83
17.52,5,   coast,-10.12,4045.58,2748.79,69.73
17.53,5,   coast,-10.12,4045.83,2749.04,69.63
17.54,5,   coast,-10.12,4047.33,2750.54,69.52
17.55,5,   coast,-10.12,4048.2,2751.42,69.42
17.56,5,   coast,-10.13,4049.2,2752.42,69.32
17.57,5,   coast,-10.13,4049.2,2752.42,69.22
17.58,5,   coast,-10.13,4050.46,2753.67,69.12
17.59,5,   coast,-10.13,4051.58,2754.8,69.02
17.6,5,   coast,-10.13,4052.21,2755.43,68.91
17.61,5,   coast,-10.13,4052.21,2755.43,68.81
17.62,5,   coast,-10.13,4052.46,2755.68,68.71
17.63,5,   coast,-10.12,4053.58,2756.8,68.61
17.64,5,   coast,-10.12,4053.71,2756.93,68.51
17.65,5,   coast,-10.12,4054.34,2757.55,68.41
17.66,5,   coast,-10.12,4055.09,2758.3,68.3
17.67,5,   coast,-10.12,4056.34,2759.56,68.2
17.68,5,   coast,-10.12,4056.84,2760.06,68.1
17.69,5,   coast,-10.12,4057.97,2761.18,68
17.7,5,   coast,-10.12,4057.84,2761.06,67.9
17.71,5,   coast,-10.11,4058.47,2761.69,67.79
17.72,5,   coast,-10.11,4058.47,2761.69,67.69
17.73,5,   coast,-10.11,4059.47,2762.69,67.59
17.74,5,   coast,-10.11,4059.72,2762.94,67.49
17.75,5,   coast,-10.11,4060.97,2764.19,67.39
17.76,5,   coast,-10.1,4061.73,2764.94,67.28
17.77,5,   coast,-10.1,4061.98,2765.19,67.18
17.78,5,   coast,-10.1,4062.6,2765.82,67.08
17.79,5,   coast,-10.09,4063.1,2766.32,66.98
17.8,5,   coast,-10.09,4062.98,2766.2,66.88
17.81,5,   coast,-10.09,4063.98,2767.2,66.78
17.82,5,   coast,-10.08,4064.48,2767.7,66.68
17.83,5,   coast,-10.08,4064.48,2767.7,66.58
17.84,5,   coast,-10.07,4065.86,2769.08,66.48
17.85,5,   coast,-10.07,4066.49,2769.71,66.37
17.86,5,   coast,-10.07,4066.86,2770.08,66.27
17.87,5,   coast,-10.06,4067.87,2771.09,66.17
17.88,5,   coast,-10.06,4068.75,2771.96,66.07
17.89,5,   coast,-10.05,4069.12,2772.34,65.97
17.9,5,   coast,-10.05,4069.5,2772.72,65.87
17.91,5,   coast,-10.04,4070.25,2773.47,65.77
17.92,5,   coast,-10.04,4071,2774.22,65.67
17.93,5,   coast,-10.04,4071.88,2775.1,65.57
17.94,5,   coast,-10.03,4071.88,2775.1,65.47
17.95,5,   coast,-10.03,4072.38,2775.6,65.37
17.96,5,   coast,-10.02,4073.64,2776.85,65.27
17.97,5,   coast,-10.02,4074.77,2777.98,65.17
17.98,5,   coast,-10.01,4074.77,2777.98,65.07
17.99,5,   coast,-10.01,4075.39,2778.61,64.97
18,5,   coast,-10.01,4076.02,2779.24,64.87
18.01,5,   coast,-10,4077.28,2780.49,64.77
18.02,5,   coast,-10,4077.65,2780.87,64.67
18.03,5,   coast,-9.99,4078.15,2781.37,64.57
18.04,5,   coast,-9.99,4078.78,2782,64.47
18.05,5,   coast,-9.99,4078.78,2782,64.37
18.06,5,   coast,-9.98,4079.79,2783,64.27
18.07,5,   coast,-9.98,4081.04,2784.26,64.17
18.08,5,   coast,-9.98,4081.54,2784.76,64.07
18.09,5,   coast,-9.97,4083.05,2786.27,63.98
18.1,5,   coast,-9.97,4082.67,2785.89,63.88
18.11,5,   coast,-9.97,4084.06,2787.27,63.78
18.12,5,   coast,-9.96,4084.68,2787.9,63.68
18.13,5,   coast,-9.96,4085.31,2788.53,63.58
18.14,5,   coast,-9.96,4085.69,2788.91,63.48
18.15,5,   coast,-9.95,4085.81,2789.03,63.38
18.16,5,   coast,-9.95,4085.81,2789.03,63.28
18.17,5,   coast,-9.95,4087.82,2791.04,63.18
18.18,5,   coast,-9.94,4088.08,2791.29,63.08
18.19,5,   coast,-9.94,4088.7,2791.92,62.98
18.2,5,   coast,-9.94,4090.34,2793.56,62.88
18.21,5,   coast,-9.94,4090.59,2793.81,62.78
18.22,5,   coast,-9.93,4090.97,2794.18,62.69
18.23,5,   coast,-9.93,4091.97,2795.19,62.59
18.24,5,   coast,-9.93,4092.85,2796.07,62.49
18.25,5,   coast,-9.93,4092.85,2796.07,62.39
18.26,5,   coast,-9.92,4094.61,2797.83,62.29
18.27,5,   coast,-9.92,4094.61,2797.83,62.19
18.28,5,   coast,-9.92,4094.49,2797.7,62.09
18.29,5,   coast,-9.91,4095.49,2798.71,61.99
18.3,5,   coast,-9.91,4096,2799.21,61.89
18.31,5,   coast,-9.91,4095.87,2799.09,61.79
18.32,5,   coast,-9.91,4097.88,2801.1,61.69
18.33,5,   coast,-9.9,4097.88,2801.1,61.59
18.34,5,   coast,-9.9,4099.39,2802.61,61.49
18.35,5,   coast,-9.9,4099.77,2802.99,61.39
18.36,5,   coast,-9.89,4100.4,2803.62,61.29
18.37,5,   coast,-9.89,4101.4,2804.62,61.19
18.38,5,   coast,-9.89,4101.4,2804.62,61.09
18.39,5,   coast,-9.88,4101.91,2805.13,60.99
18.4,5,   coast,-9.88,4103.04,2806.26,60.89
18.41,5,   coast,-9.88,4103.42,2806.64,60.79
18.42,5,   coast,-9.87,4104.05,2807.26,60.7
18.43,5,   coast,-9.87,4104.8,2808.02,60.6
18.44,5,   coast,-9.87,4105.31,2808.52,60.5
18.45,5,   coast,-9.86,4105.43,2808.65,60.4
18.46,5,   coast,-9.86,4106.56,2809.78,60.3
18.47,5,   coast,-9.86,4107.19,2810.41,60.2
18.48,5,   coast,-9.85,4107.57,2810.79,60.1
18.49,5,   coast,-9.85,4107.57,2810.79,60.01
18.5,5,   coast,-9.85,4107.82,2811.04,59.91
18.51,5,   coast,-9.84,4109.71,2812.93,59.81
18.52,5,   coast,-9.84,4109.08,2812.3,59.71
18.53,5,   coast,-9.84,4110.97,2814.19,59.61
18.54,5,   coast,-9.83,4111.22,2814.44,59.52
18.55,5,   coast,-9.83,4111.1,2814.32,59.42
18.56,5,   coast,-9.83,4111.48,2814.69,59.32
18.57,5,   coast,-9.82,4112.74,2815.95,59.22
18.58,5,   coast,-9.82,4112.23,2815.45,59.12
18.59,5,   coast,-9.82,4113.24,2816.46,59.03
18.6,5,   coast,-9.81,4113.24,2816.46,58.93
18.61,5,   coast,-9.81,4114,2817.21,58.83
18.62,5,   coast,-9.81,4115.51,2818.73,58.73
18.63,5,   coast,-9.81,4115.89,2819.1,58.63
18.64,5,   coast,-9.8,4116.26,2819.48,58.53
18.65,5,   coast,-9.8,4116.77,2819.99,58.44
18.66,5,   coast,-9.8,4117.15,2820.36,58.34
18.67,5,   coast,-9.8,4118.03,2821.25,58.24
18.68,5,   coast,-9.8,4118.66,2821.88,58.14
18.69,5,   coast,-9.79,4119.04,2822.25,58.04
18.7,5,   coast,-9.79,4120.17,2823.39,57.95
18.71,5,   coast,-9.79,4120.17,2823.39,57.85
18.72,5,   coast,-9.79,4119.67,2822.88,57.75
18.73,5,   coast,-9.79,4121.68,2824.9,57.65
18.74,5,   coast,-9.79,4121.94,2825.15,57.56
18.75,5,   coast,-9.79,4121.81,2825.03,57.46
18.76,5,   coast,-9.79,4123.07,2826.29,57.36
18.77,5,   coast,-9.79,4123.95,2827.17,57.27
18.78,5,   coast,-9.79,4124.96,2828.18,57.17
18.79,5,   coast,-9.79,4124.71,2827.93,57.07
18.8,5,   coast,-9.79,4126.23,2829.44,56.98
18.81,5,   coast,-9.79,4126.35,2829.57,56.88
18.82,5,   coast,-9.79,4126.35,2829.57,56.78
18.83,5,   coast,-9.79,4127.11,2830.33,56.68
18.84,5,   coast,-9.79,4127.61,2830.83,56.58
18.85,5,   coast,-9.79,4127.74,2830.96,56.49
18.86,5,   coast,-9.79,4129.25,2832.47,56.39
18.87,5,   coast,-9.79,4129,2832.22,56.29
18.88,5,   coast,-9.79,4129.38,2832.6,56.19
18.89,5,   coast,-9.79,4130.52,2833.73,56.1
18.9,5,   coast,-9.79,4131.65,2834.87,56
18.91,5,   coast,-9.79,4131.9,2835.12,55.9
18.92,5,   coast,-9.79,4132.28,2835.5,55.8
18.93,5,   coast,-9.79,4132.28,2835.5,55.7
18.94,5,   coast,-9.8,4132.66,2835.88,55.61
18.95,5,   coast,-9.8,4133.29,2836.51,55.51
18.96,5,   coast,-9.8,4134.68,2837.9,55.41
18.97,5,   coast,-9.8,4134.56,2837.77,55.31
18.98,5,   coast,-9.8,4135.31,2838.53,55.21
18.99,5,   coast,-9.8,4136.45,2839.67,55.11
19,5,   coast,-9.8,4136.58,2839.79,55.02
19.01,5,   coast,-9.8,4137.71,2840.93,54.92
19.02,5,   coast,-9.8,4137.84,2841.06,54.82
19.03,5,   coast,-9.8,4138.72,2841.94,54.72
19.04,5,   coast,-9.8,4138.72,2841.94,54.62
19.05,5,   coast,-9.8,4138.98,2842.19,54.53
19.06,5,   coast,-9.8,4139.23,2842.45,54.43
19.07,5,   coast,-9.8,4140.74,2843.96,54.33
19.08,5,   coast,-9.8,4141,2844.21,54.23
19.09,5,   coast,-9.8,4141.25,2844.47,54.13
19.1,5,   coast,-9.8,4142.01,2845.23,54.03
19.11,5,   coast,-9.8,4142.77,2845.98,53.93
19.12,5,   coast,-9.8,4142.64,2845.86,53.84
19.13,5,   coast,-9.8,4143.53,2846.74,53.74
19.14,5,   coast,-9.8,4144.28,2847.5,53.64
19.15,5,   coast,-9.8,4144.28,2847.5,53.54
19.16,5,   coast,-9.8,4145.29,2848.51,53.44
19.17,5,   coast,-9.8,4146.43,2849.65,53.34
19.18,5,   coast,-9.8,4146.43,2849.65,53.25
19.19,5,   coast,-9.8,4147.95,2851.17,53.15
19.2,5,   coast,-9.8,4147.57,2850.79,53.05
19.21,5,   coast,-9.79,4148.33,2851.55,52.95
19.22,5,   coast,-9.79,4148.84,2852.05,52.85
19.23,5,   coast,-9.79,4149.59,2852.81,52.76
19.24,5,   coast,-9.79,4150.1,2853.32,52.66
19.25,5,   coast,-9.79,4150.86,2854.08,52.56
19.26,5,   coast,-9.79,4150.86,2854.08,52.46
19.27,5,   coast,-9.78,4151.36,2854.58,52.37
19.28,5,   coast,-9.78,4153.14,2856.35,52.27
19.29,5,   coast,-9.78,4152.76,2855.97,52.17
19.3,5,   coast,-9.78,4153.39,2856.61,52.07
19.31,5,   coast,-9.78,4153.52,2856.73,51.97
19.32,5,   coast,-9.77,4154.65,2857.87,51.88
19.33,5,   coast,-9.77,4155.54,2858.76,51.78
19.34,5,   coast,-9.77,4155.29,2858.5,51.68
19.35,5,   coast,-9.77,4156.3,2859.52,51.58
19.36,5,   coast,-9.76,4157.19,2860.4,51.48
19.37,5,   coast,-9.76,4157.19,2860.4,51.39
19.38,5,   coast,-9.76,4157.56,2860.78,51.29
19.39,5,   coast,-9.76,4158.58,2861.79,51.19
19.4,5,   coast,-9.76,4159.34,2862.55,51.09
19.41,5,   coast,-9.75,4159.59,2862.81,51
19.42,5,   coast,-9.75,4159.59,2862.81,50.9
19.43,5,   coast,-9.75,4160.48,2863.69,50.8
19.44,5,   coast,-9.75,4161.11,2864.33,50.7
19.45,5,   coast,-9.75,4161.87,2865.09,50.61
19.46,5,   coast,-9.74,4162.25,2865.47,50.51
19.47,5,   coast,-9.74,4162.12,2865.34,50.41
19.48,5,   coast,-9.74,4162.12,2865.34,50.31
19.49,5,   coast,-9.74,4162.88,2866.1,50.22
19.5,5,   coast,-9.74,4163.26,2866.48,50.12
19.51,5,   coast,-9.74,4164.02,2867.24,50.02
19.52,5,   coast,-9.73,4164.91,2868.13,49.92
19.53,5,   coast,-9.73,4164.66,2867.87,49.83
19.54,5,   coast,-9.73,4165.8,2869.01,49.73
19.55,5,   coast,-9.73,4166.56,2869.77,49.63
19.56,5,   coast,-9.73,4166.43,2869.65,49.54
19.57,5,   coast,-9.73,4166.94,2870.15,49.44
19.58,5,   coast,-9.73,4167.44,2870.66,49.34
19.59,5,   coast,-9.73,4167.44,2870.66,49.25
19.6,5,   coast,-9.73,4167.32,2870.53,49.15
19.61,5,   coast,-9.73,4168.2,2871.42,49.05
19.62,5,   coast,-9.73,4168.58,2871.8,48.96
19.63,5,   coast,-9.72,4170.1,2873.32,48.86
19.64,5,   coast,-9.72,4169.34,2872.56,48.76
19.65,5,   coast,-9.72,4169.98,2873.2,48.67
19.66,5,   coast,-9.72,4171.12,2874.34,48.57
19.67,5,   coast,-9.72,4170.99,2874.21,48.47
19.68,5,   coast,-9.72,4171.25,2874.46,48.37
19.69,5,   coast,-9.72,4171.37,2874.59,48.28
19.7,5,   coast,-9.72,4171.37,2874.59,48.18
19.71,5,   coast,-9.72,4172.13,2875.35,48.08
19.72,5,   coast,-9.72,4173.4,2876.62,47.99
19.73,5,   coast,-9.72,4173.78,2877,47.89
19.74,5,   coast,-9.72,4174.03,2877.25,47.79
19.75,5,   coast,-9.72,4174.03,2877.25,47.7
19.76,5,   coast,-9.72,4176.06,2879.28,47.6
19.77,5,   coast,-9.72,4175.81,2879.03,47.5
19.78,5,   coast,-9.72,4175.94,2879.15,47.4
19.79,5,   coast,-9.72,4177.59,2880.8,47.31
19.8,5,   coast,-9.72,4177.08,2880.3,47.21
19.81,5,   coast,-9.72,4177.08,2880.3,47.11
19.82,5,   coast,-9.72,4178.73,2881.94,47.01
19.83,5,   coast,-9.72,4178.85,2882.07,46.92
19.84,5,   coast,-9.72,4179.74,2882.96,46.82
19.85,5,   coast,-9.72,4179.49,2882.71,46.72
19.86,5,   coast,-9.72,4179.49,2882.71,46.62
19.87,5,   coast,-9.72,4180.5,2883.72,46.53
19.88,5,   coast,-9.72,4181.39,2884.61,46.43
19.89,5,   coast,-9.72,4181.65,2884.86,46.33
19.9,5,   coast,-9.72,4182.15,2885.37,46.23
19.91,5,   coast,-9.72,4183.17,2886.39,46.13
19.92,5,   coast,-9.72,4183.17,2886.39,46.04
19.93,5,   coast,-9.72,4182.79,2886.01,45.94
19.94,5,   coast,-9.72,4183.3,2886.51,45.84
19.95,5,   coast,-9.72,4184.44,2887.66,45.74
19.96,5,   coast,-9.72,4185.07,2888.29,45.65
19.97,5,   coast,-9.71,4185.45,2888.67,45.55
19.98,5,   coast,-9.71,4186.47,2889.69,45.45
19.99,5,   coast,-9.71,4187.36,2890.58,45.36
20,5,   coast,-9.71,4186.72,2889.94,45.26
20.01,5,   coast,-9.71,4187.1,2890.32,45.16
20.02,5,   coast,-9.7,4187.99,2891.21,45.06
20.03,5,   coast,-9.7,4187.99,2891.21,44.97
20.04,5,   coast,-9.7,4188.37,2891.59,44.87
20.05,5,   coast,-9.7,4189.64,2892.86,44.77
20.06,5,   coast,-9.7,4190.28,2893.5,44.67
20.07,5,   coast,-9.69,4190.79,2894,44.58
20.08,5,   coast,-9.69,4190.79,2894,44.48
20.09,5,   coast,-9.69,4191.3,2894.51,44.38
20.1,5,   coast,-9.68,4192.06,2895.27,44.29
20.11,5,   coast,-9.68,4191.93,2895.15,44.19
20.12,5,   coast,-9.68,4192.57,2895.78,44.09
20.13,5,   coast,-9.68,4192.31,2895.53,44
20.14,5,   coast,-9.67,4192.31,2895.53,43.9
20.15,5,   coast,-9.67,4194.6,2897.82,43.8
20.16,5,   coast,-9.67,4193.96,2897.18,43.7
20.17,5,   coast,-9.66,4195.23,2898.45,43.61
20.18,5,   coast,-9.66,4195.11,2898.32,43.51
20.19,5,   coast,-9.66,4196.51,2899.72,43.41
20.2,5,   coast,-9.65,4196.76,2899.98,43.32
20.21,5,   coast,-9.65,4197.14,2900.36,43.22
20.22,5,   coast,-9.65,4197.52,2900.74,43.13
20.23,5,   coast,-9.65,4198.16,2901.37,43.03
20.24,5,   coast,-9.64,4198.41,2901.63,42.93
20.25,5,   coast,-9.64,4198.41,2901.63,42.84
20.26,5,   coast,-9.64,4198.79,2902.01,42.74
20.27,5,   coast,-9.63,4199.94,2903.15,42.64
20.28,5,   coast,-9.63,4199.56,2902.77,42.55
20.29,5,   coast,-9.63,4200.7,2903.92,42.45
20.3,5,   coast,-9.62,4200.32,2903.54,42.36
20.31,5,   coast,-9.62,4201.21,2904.43,42.26
20.32,5,   coast,-9.62,4201.59,2904.81,42.16
20.33,5,   coast,-9.62,4201.72,2904.93,42.07
20.34,5,   coast,-9.61,4202.1,2905.32,41.97
20.35,5,   coast,-9.61,4202.35,2905.57,41.87
20.36,5,   coast,-9.61,4202.35,2905.57,41.78
20.37,5,   coast,-9.6,4203.75,2906.97,41.68
20.38,5,   coast,-9.6,4203.88,2907.1,41.59
20.39,5,   coast,-9.6,4205.02,2908.24,41.49
20.4,5,   coast,-9.6,4204.77,2907.99,41.4
20.41,5,   coast,-9.59,4204.64,2907.86,41.3
20.42,5,   coast,-9.59,4205.79,2909.01,41.21
20.43,5,   coast,-9.59,4205.53,2908.75,41.11
20.44,5,   coast,-9.59,4206.55,2909.77,41.01
20.45,5,   coast,-9.58,4207.19,2910.4,40.92
20.46,5,   coast,-9.58,4206.55,2909.77,40.82
20.47,5,   coast,-9.58,4206.55,2909.77,40.73
20.48,5,   coast,-9.58,4207.06,2910.28,40.63
20.49,5,   coast,-9.57,4207.82,2911.04,40.54
20.5,5,   coast,-9.57,4208.46,2911.68,40.44
20.51,5,   coast,-9.57,4209.35,2912.57,40.34
20.52,5,   coast,-9.57,4209.35,2912.57,40.25
20.53,5,   coast,-9.56,4209.86,2913.08,40.15
20.54,5,   coast,-9.56,4209.86,2913.08,40.06
20.55,5,   coast,-9.56,4209.61,2912.82,39.96
20.56,5,   coast,-9.56,4211.01,2914.22,39.86
20.57,5,   coast,-9.55,4211.13,2914.35,39.77
20.58,5,   coast,-9.55,4211.13,2914.35,39.67
20.59,5,   coast,-9.55,4211.39,2914.6,39.58
20.6,5,   coast,-9.54,4212.15,2915.37,39.48
20.61,5,   coast,-9.54,4212.66,2915.88,39.38
20.62,5,   coast,-9.54,4212.79,2916.01,39.29
20.63,5,   coast,-9.53,4213.17,2916.39,39.19
20.64,5,   coast,-9.53,4212.92,2916.13,39.1
20.65,5,   coast,-9.53,4214.06,2917.28,39
20.66,5,   coast,-9.52,4214.7,2917.92,38.91
20.67,5,   coast,-9.52,4214.95,2918.17,38.81
20.68,5,   coast,-9.52,4215.59,2918.81,38.72
20.69,5,   coast,-9.51,4215.59,2918.81,38.62
20.7,5,   coast,-9.51,4216.61,2919.83,38.53
20.71,5,   coast,-9.51,4216.86,2920.08,38.43
20.72,5,   coast,-9.5,4217.5,2920.72,38.33
20.73,5,   coast,-9.5,4217.12,2920.34,38.24
20.74,5,   coast,-9.49,4216.74,2919.95,38.14
20.75,5,   coast,-9.49,4218.65,2921.86,38.05
20.76,5,   coast,-9.49,4218.77,2921.99,37.95
20.77,5,   coast,-9.48,4219.16,2922.37,37.86
20.78,5,   coast,-9.48,4219.67,2922.88,37.76
20.79,5,   coast,-9.48,4219.54,2922.76,37.67
20.8,5,   coast,-9.47,4219.54,2922.76,37.58
20.81,5,   coast,-9.47,4220.18,2923.39,37.48
20.82,5,   coast,-9.46,4220.69,2923.9,37.39
20.83,5,   coast,-9.46,4221.32,2924.54,37.29
20.84,5,   coast,-9.46,4221.96,2925.18,37.2
20.85,5,   coast,-9.45,4222.47,2925.69,37.1
20.86,5,   coast,-9.45,4222.47,2925.69,37.01
20.87,5,   coast,-9.44,4222.72,2925.94,36.91
20.88,5,   coast,-9.44,4223.11,2926.32,36.82
20.89,5,   coast,-9.44,4222.85,2926.07,36.72
20.9,5,   coast,-9.43,4223.62,2926.83,36.63
20.91,5,   coast,-9.43,4223.62,2926.83,36.54
20.92,5,   coast,-9.42,4224,2927.22,36.44
20.93,5,   coast,-9.42,4224.64,2927.85,36.35
20.94,5,   coast,-9.42,4224.89,2928.11,36.25
20.95,5,   coast,-9.41,4225.15,2928.36,36.16
20.96,5,   coast,-9.41,4226.68,2929.89,36.07
20.97,5,   coast,-9.41,4227.19,2930.4,35.97
20.98,5,   coast,-9.4,4226.8,2930.02,35.88
20.99,5,   coast,-9.4,4227.7,2930.91,35.78
21,5,   coast,-9.39,4227.82,2931.04,35.69
21.01,5,   coast,-9.39,4228.59,2931.81,35.6
21.02,5,   coast,-9.39,4228.59,2931.81,35.5
21.03,5,   coast,-9.38,4228.46,2931.68,35.41
21.04,5,   coast,-9.38,4228.84,2932.06,35.32
21.05,5,   coast,-9.38,4229.48,2932.7,35.22
21.06,5,   coast,-9.38,4228.84,2932.06,35.13
21.07,5,   coast,-9.37,4230.25,2933.46,35.04
21.08,5,   coast,-9.37,4230.12,2933.34,34.94
21.09,5,   coast,-9.37,4230.89,2934.1,34.85
21.1,5,   coast,-9.36,4230.63,2933.85,34.75
21.11,5,   coast,-9.36,4231.4,2934.61,34.66
21.12,5,   coast,-9.36,4231.91,2935.12,34.57
21.13,5,   coast,-9.36,4231.91,2935.12,34.47
21.14,5,   coast,-9.35,4232.03,2935.25,34.38
21.15,5,   coast,-9.35,4231.78,2935,34.29
21.16,5,   coast,-9.35,4232.8,2936.02,34.19
21.17,5,   coast,-9.35,4233.44,2936.65,34.1
21.18,5,   coast,-9.35,4233.82,2937.04,34.01
21.19,5,   coast,-9.34,4234.2,2937.42,33.91
21.2,5,   coast,-9.34,4233.95,2937.16,33.82
21.21,5,   coast,-9.34,4234.59,2937.8,33.73
21.22,5,   coast,-9.34,4234.46,2937.68,33.63
21.23,5,   coast,-9.34,4235.1,2938.31,33.54
21.24,5,   coast,-9.34,4235.1,2938.31,33.45
21.25,5,   coast,-9.34,4235.61,2938.82,33.35
21.26,5,   coast,-9.33,4236.24,2939.46,33.26
21.27,5,   coast,-9.33,4236.63,2939.84,33.17
21.28,5,   coast,-9.33,4237.78,2940.99,33.07
21.29,5,   coast,-9.33,4236.76,2939.97,32.98
21.3,5,   coast,-9.33,4237.01,2940.23,32.89
21.31,5,   coast,-9.33,4238.16,2941.38,32.79
21.32,5,   coast,-9.33,4238.29,2941.5,32.7
21.33,5,   coast,-9.33,4238.03,2941.25,32.61
21.34,5,   coast,-9.33,4238.54,2941.76,32.52
21.35,5,   coast,-9.33,4238.54,2941.76,32.42
21.36,5,   coast,-9.33,4239.69,2942.91,32.33
21.37,5,   coast,-9.33,4239.31,2942.53,32.24
21.38,5,   coast,-9.33,4240.07,2943.29,32.14
21.39,5,   coast,-9.33,4240.46,2943.67,32.05
21.4,5,   coast,-9.33,4240.59,2943.8,31.96
21.41,5,   coast,-9.33,4240.97,2944.19,31.87
21.42,5,   coast,-9.33,4241.22,2944.44,31.77
21.43,5,   coast,-9.33,4242.37,2945.59,31.68
21.44,5,   coast,-9.33,4242.12,2945.34,31.59
21.45,5,   coast,-9.33,4242.63,2945.85,31.49
21.46,5,   coast,-9.33,4242.63,2945.85,31.4
21.47,5,   coast,-9.33,4243.01,2946.23,31.31
21.48,5,   coast,-9.33,4243.52,2946.74,31.21
21.49,5,   coast,-9.34,4243.4,2946.61,31.12
21.5,5,   coast,-9.34,4244.54,2947.76,31.03
21.51,5,   coast,-9.34,4244.67,2947.89,30.93
21.52,5,   coast,-9.34,4244.67,2947.89,30.84
21.53,5,   coast,-9.34,4245.44,2948.66,30.75
21.54,5,   coast,-9.34,4245.82,2949.04,30.65
21.55,5,   coast,-9.34,4245.95,2949.17,30.56
21.56,5,   coast,-9.34,4246.46,2949.68,30.47
21.57,5,   coast,-9.34,4246.46,2949.68,30.37
21.58,5,   coast,-9.34,4246.72,2949.93,30.28
21.59,5,   coast,-9.34,4246.84,2950.06,30.19
21.6,5,   coast,-9.35,4247.74,2950.96,30.09
21.61,5,   coast,-9.35,4247.87,2951.08,30
21.62,5,   coast,-9.35,4248.51,2951.72,29.9
21.63,5,   coast,-9.35,4248.25,2951.47,29.81
21.64,5,   coast,-9.35,4249.4,2952.62,29.72
21.65,5,   coast,-9.35,4249.4,2952.62,29.62
21.66,5,   coast,-9.35,4249.4,2952.62,29.53
21.67,5,   coast,-9.35,4249.66,2952.87,29.44
21.68,5,   coast,-9.35,4249.66,2952.87,29.34
21.69,5,   coast,-9.35,4250.04,2953.26,29.25
21.7,5,   coast,-9.35,4250.42,2953.64,29.15
21.71,5,   coast,-9.35,4250.81,2954.02,29.06
21.72,5,   coast,-9.35,4251.57,2954.79,28.97
21.73,5,   coast,-9.36,4251.83,2955.05,28.87
21.74,5,   coast,-9.36,4251.83,2955.05,28.78
21.75,5,   coast,-9.36,4252.34,2955.56,28.68
21.76,5,   coast,-9.36,4252.6,2955.81,28.59
21.77,5,   coast,-9.36,4252.85,2956.07,28.5
21.78,5,   coast,-9.36,4253.11,2956.33,28.4
21.79,5,   coast,-9.36,4253.11,2956.33,28.31
21.8,5,   coast,-9.36,4253.24,2956.45,28.22
21.81,5,   coast,-9.36,4253.49,2956.71,28.12
21.82,5,   coast,-9.36,4253.49,2956.71,28.03
21.83,5,   coast,-9.36,4254.13,2957.35,27.94
21.84,5,   coast,-9.36,4254.26,2957.48,27.84
21.85,5,   coast,-9.36,4254.64,2957.86,27.75
21.86,5,   coast,-9.36,4254.26,2957.48,27.66
21.87,5,   coast,-9.36,4255.41,2958.63,27.56
21.88,5,   coast,-9.37,4254.9,2958.12,27.47
21.89,5,   coast,-9.37,4255.54,2958.76,27.38
21.9,5,   coast,-9.37,4255.54,2958.76,27.28
21.91,5,   coast,-9.37,4255.79,2959.01,27.19
21.92,5,   coast,-9.37,4256.82,2960.03,27.1
21.93,5,   coast,-9.37,4256.05,2959.27,27
21.94,5,   coast,-9.37,4256.43,2959.65,26.91
21.95,5,   coast,-9.37,4257.07,2960.29,26.81
21.96,5,   coast,-9.37,4257.46,2960.67,26.72
21.97,5,   coast,-9.37,4257.84,2961.06,26.63
21.98,5,   coast,-9.38,4257.71,2960.93,26.53
21.99,5,   coast,-9.38,4258.35,2961.57,26.44
22,5,   coast,-9.38,4257.58,2960.8,26.35
22.01,5,   coast,-9.38,4257.58,2960.8,26.25
22.02,5,   coast,-9.38,4258.74,2961.95,26.16
22.03,5,   coast,-9.38,4258.86,2962.08,26.07
22.04,5,   coast,-9.39,4258.74,2961.95,25.97
22.05,5,   coast,-9.39,4259.25,2962.47,25.88
22.06,5,   coast,-9.39,4258.99,2962.21,25.79
22.07,5,   coast,-9.39,4260.02,2963.23,25.69
22.08,5,   coast,-9.39,4260.14,2963.36,25.6
22.09,5,   coast,-9.4,4260.91,2964.13,25.5
22.1,5,   coast,-9.4,4260.91,2964.13,25.41
22.11,5,   coast,-9.4,4260.4,2963.62,25.32
22.12,5,   coast,-9.4,4260.4,2963.62,25.22
22.13,5,   coast,-9.41,4261.17,2964.38,25.13
22.14,5,   coast,-9.41,4261.81,2965.02,25.03
22.15,5,   coast,-9.41,4262.19,2965.41,24.94
22.16,5,   coast,-9.41,4261.94,2965.15,24.85
22.17,5,   coast,-9.42,4262.19,2965.41,24.75
22.18,5,   coast,-9.42,4263.22,2966.43,24.66
22.19,5,   coast,-9.42,4263.34,2966.56,24.56
22.2,5,   coast,-9.43,4263.47,2966.69,24.47
22.21,5,   coast,-9.43,4262.96,2966.18,24.38
22.22,5,   coast,-9.43,4263.34,2966.56,24.28
22.23,5,   coast,-9.44,4263.34,2966.56,24.19
22.24,5,   coast,-9.44,4264.11,2967.33,24.09
22.25,5,   coast,-9.44,4264.62,2967.84,24
22.26,5,   coast,-9.45,4265.14,2968.35,23.91
22.27,5,   coast,-9.45,4265.65,2968.86,23.81
22.28,5,   coast,-9.45,4265.9,2969.12,23.72
22.29,5,   coast,-9.46,4265.01,2968.22,23.62
22.3,5,   coast,-9.46,4265.65,2968.86,23.53
22.31,5,   coast,-9.46,4266.67,2969.89,23.43
22.32,5,   coast,-9.47,4266.03,2969.25,23.34
22.33,5,   coast,-9.47,4266.16,2969.38,23.24
22.34,5,   coast,-9.47,4266.16,2969.38,23.15
22.35,5,   coast,-9.47,4267.44,2970.66,23.05
22.36,5,   coast,-9.48,4267.7,2970.91,22.96
22.37,5,   coast,-9.48,4267.95,2971.17,22.86
22.38,5,   coast,-9.48,4267.95,2971.17,22.77
22.39,5,   coast,-9.49,4268.34,2971.55,22.68
22.4,5,   coast,-9.49,4268.08,2971.3,22.58
22.41,5,   coast,-9.49,4269.23,2972.45,22.49
22.42,5,   coast,-9.49,4269.36,2972.58,22.39
22.43,5,   coast,-9.5,4269.75,2972.96,22.29
22.44,5,   coast,-9.5,4269.49,2972.71,22.2
22.45,5,   coast,-9.5,4269.49,2972.71,22.1
22.46,5,   coast,-9.5,4269.87,2973.09,22.01
22.47,5,   coast,-9.51,4270.26,2973.48,21.91
22.48,5,   coast,-9.51,4269.49,2972.71,21.82
22.49,5,   coast,-9.51,4271.15,2974.37,21.72
22.5,5,   coast,-9.51,4270.51,2973.73,21.63
22.51,5,   coast,-9.51,4270.39,2973.6,21.53
22.52,5,   coast,-9.52,4270.77,2973.99,21.44
22.53,5,   coast,-9.52,4271.28,2974.5,21.34
22.54,5,   coast,-9.52,4270.9,2974.12,21.25
22.55,5,   coast,-9.52,4271.28,2974.5,21.15
22.56,5,   coast,-9.52,4271.28,2974.5,21.05
22.57,5,   coast,-9.52,4271.92,2975.14,20.96
22.58,5,   coast,-9.52,4272.18,2975.4,20.86
22.59,5,   coast,-9.52,4272.82,2976.04,20.77
22.6,5,   coast,-9.52,4272.18,2975.4,20.67
22.61,5,   coast,-9.52,4273.2,2976.42,20.58
22.62,5,   coast,-9.52,4273.2,2976.42,20.48
22.63,5,   coast,-9.52,4274.1,2977.32,20.39
22.64,5,   coast,-9.52,4273.46,2976.68,20.29
22.65,5,   coast,-9.52,4273.97,2977.19,20.19
22.66,5,   coast,-9.52,4274.61,2977.83,20.1
22.67,5,   coast,-9.52,4274.61,2977.83,20
22.68,5,   coast,-9.52,4274.49,2977.7,19.91
22.69,5,   coast,-9.52,4274.87,2978.09,19.81
22.7,5,   coast,-9.52,4275.9,2979.11,19.72
22.71,5,   coast,-9.52,4274.23,2977.45,19.62
22.72,5,   coast,-9.52,4275,2978.22,19.53
22.73,5,   coast,-9.51,4275.51,2978.73,19.43
22.74,5,   coast,-9.51,4276.02,2979.24,19.33
22.75,5,   coast,-9.51,4275.77,2978.99,19.24
22.76,5,   coast,-9.51,4275.77,2978.99,19.14
22.77,5,   coast,-9.51,4276.92,2980.14,19.05
22.78,5,   coast,-9.51,4276.92,2980.14,18.95
22.79,5,   coast,-9.5,4276.79,2980.01,18.86
22.8,5,   coast,-9.5,4277.69,2980.91,18.76
22.81,5,   coast,-9.5,4277.05,2980.27,18.67
22.82,5,   coast,-9.5,4277.18,2980.4,18.57
22.83,5,   coast,-9.5,4277.43,2980.65,18.48
22.84,5,   coast,-9.49,4277.82,2981.04,18.38
22.85,5,   coast,-9.49,4278.46,2981.68,18.29
22.86,5,   coast,-9.49,4278.46,2981.68,18.19
22.87,5,   coast,-9.49,4279.23,2982.45,18.1
22.88,5,   coast,-9.48,4278.2,2981.42,18
22.89,5,   coast,-9.48,4278.2,2981.42,17.91
22.9,5,   coast,-9.48,4279.49,2982.7,17.81
22.91,5,   coast,-9.48,4278.97,2982.19,17.72
22.92,5,   coast,-9.47,4279.61,2982.83,17.63
22.93,5,   coast,-9.47,4279.23,2982.45,17.53
22.94,5,   coast,-9.47,4278.97,2982.19,17.44
22.95,5,   coast,-9.46,4280.64,2983.86,17.35
22.96,5,   coast,-9.46,4279.61,2982.83,17.24
22.97,5,   coast,-9.46,4280.26,2983.47,17.15
22.98,5,   coast,-9.46,4280,2983.22,17.05
22.99,5,   coast,-9.45,4280.38,2983.6,16.96
23,5,   coast,-9.45,4280.38,2983.6,16.87
23.01,5,   coast,-9.45,4281.02,2984.24,16.78
23.02,5,   coast,-9.44,4280.9,2984.11,16.68
23.03,5,   coast,-9.44,4280.51,2983.73,16.59
23.04,5,   coast,-9.44,4281.67,2984.88,16.5
23.05,5,   coast,-9.43,4281.54,2984.76,16.41
23.06,5,   coast,-9.43,4281.54,2984.76,16.3
23.07,5,   coast,-9.43,4281.15,2984.37,16.2
23.08,5,   coast,-9.42,4281.54,2984.76,16.11
23.09,5,   coast,-9.42,4281.28,2984.5,16.02
23.1,5,   coast,-9.42,4281.54,2984.76,15.92
23.11,5,   coast,-9.41,4281.54,2984.76,15.83
23.12,5,   coast,-9.41,4281.79,2985.01,15.73
23.13,5,   coast,-9.41,4281.92,2985.14,15.64
23.14,5,   coast,-9.4,4282.44,2985.65,15.55
23.15,5,   coast,-9.4,4282.31,2985.52,15.46
23.16,5,   coast,-9.39,4282.31,2985.52,15.35
23.17,5,   coast,-9.39,4282.82,2986.04,15.26
23.18,5,   coast,-9.39,4283.08,2986.29,15.17
23.19,5,   coast,-9.38,4283.59,2986.81,15.07
23.2,5,   coast,-9.38,4283.08,2986.29,14.98
23.21,5,   coast,-9.37,4282.69,2985.91,14.89
23.22,5,   coast,-9.37,4282.69,2985.91,14.8
23.23,5,   coast,-9.37,4283.59,2986.81,14.7
23.24,5,   coast,-9.36,4283.85,2987.06,14.61
23.25,5,   coast,-9.36,4283.98,2987.19,14.52
23.26,5,   coast,-9.35,4284.1,2987.32,14.42
23.27,5,   coast,-9.35,4283.59,2986.81,14.32
23.28,5,   coast,-9.34,4284.23,2987.45,14.23
23.29,5,   coast,-9.34,4284.23,2987.45,14.14
23.3,5,   coast,-9.34,4285,2988.22,14.04
23.31,5,   coast,-9.33,4285.64,2988.86,13.95
23.32,5,   coast,-9.33,4285.77,2988.99,13.86
23.33,5,   coast,-9.32,4285.77,2988.99,13.77
23.34,5,   coast,-9.32,4284.74,2987.96,13.68
23.35,5,   coast,-9.31,4285.51,2988.73,13.58
23.36,5,   coast,-9.31,4285.39,2988.6,13.48
23.37,5,   coast,-9.31,4284.87,2988.09,13.39
23.38,5,   coast,-9.31,4285.64,2988.86,13.3
23.39,5,   coast,-9.31,4285.64,2988.86,13.2
23.4,5,   coast,-9.31,4286.28,2989.5,13.11
23.41,5,   coast,-9.32,4286.28,2989.5,13.02
23.42,5,   coast,-9.33,4286.54,2989.76,12.93
23.43,5,   coast,-9.33,4286.28,2989.5,12.83
23.44,5,   coast,-9.34,4286.28,2989.5,12.74
23.45,5,   coast,-9.36,4285.64,2988.86,12.65
23.46,5,   coast,-9.37,4286.28,2989.5,12.55
23.47,5,   coast,-9.39,4286.93,2990.14,12.46
23.48,5,   coast,-9.4,4287.18,2990.4,12.37
23.49,5,   coast,-9.42,4287.7,2990.91,12.28
23.5,5,   coast,-9.44,4287.05,2990.27,12.19
23.51,5,   coast,-9.46,4287.44,2990.66,12.1
23.52,5,   coast,-9.49,4288.08,2991.3,12
23.53,5,   coast,-9.51,4287.82,2991.04,11.91
23.54,5,   coast,-9.54,4287.82,2991.04,11.82
23.55,5,   coast,-9.57,4287.82,2991.04,11.73
23.56,5,   coast,-9.61,4288.08,2991.3,11.63
23.57,5,   coast,-9.64,4287.82,2991.04,11.54
23.58,5,   coast,-9.68,4288.08,2991.3,11.45
23.59,5,   coast,-9.72,4288.08,2991.3,11.36
23.6,5,   coast,-9.76,4288.47,2991.68,11.27
23.61,5,   coast,-9.8,4288.72,2991.94,11.17
23.62,5,   coast,-9.84,4288.98,2992.2,11.08
23.63,5,   coast,-9.88,4289.11,2992.33,10.99
23.64,5,   coast,-9.93,4289.49,2992.71,10.9
23.65,5,   coast,-9.98,4289.11,2992.33,10.81
23.66,5,   coast,-10.02,4289.11,2992.33,10.71
23.67,5,   coast,-10.07,4288.98,2992.2,10.62
23.68,5,   coast,-10.12,4289.62,2992.84,10.53
23.69,5,   coast,-10.17,4289.75,2992.97,10.44
23.7,5,   coast,-10.22,4290.26,2993.48,10.35
23.71,5,   coast,-10.27,4289.75,2992.97,10.25
23.72,5,   coast,-10.32,4290.01,2993.22,10.16
23.73,5,   coast,-10.37,4290.39,2993.61,10.07
23.74,5,   coast,-10.42,4290.26,2993.48,9.98
23.75,5,   coast,-10.47,4291.03,2994.25,9.89
23.76,5,   coast,-10.52,4290.26,2993.48,9.8
23.77,5,   coast,-10.57,4290.26,2993.48,9.7
23.78,5,   coast,-10.61,4290.91,2994.12,9.61
23.79,5,   coast,-10.66,4290.78,2993.99,9.52
23.8,5,   coast,-10.7,4291.29,2994.51,9.43
23.81,5,   coast,-10.74,4291.03,2994.25,9.34
23.82,5,   coast,-10.78,4290.78,2993.99,9.25
23.83,5,   coast,-10.82,4291.29,2994.51,9.16
23.84,5,   coast,-10.85,4291.29,2994.51,9.06
23.85,5,   coast,-10.89,4290.26,2993.48,8.97
23.86,5,   coast,-10.92,4291.55,2994.76,8.65
23.87,5,   coast,-10.95,4291.42,2994.64,8.51
23.88,5,   coast,-10.97,4291.42,2994.64,8.36
23.89,5,   coast,-10.99,4291.55,2994.76,8.21
23.9,5,   coast,-11.01,4291.16,2994.38,8.06
23.91,5,   coast,-11.03,4291.93,2995.15,7.9
23.92,5,   coast,-11.04,4290.91,2994.12,7.75
23.93,5,   coast,-11.05,4292.19,2995.41,7.58
23.94,5,   coast,-11.05,4292.06,2995.28,7.42
23.95,5,   coast,-11.05,4292.19,2995.41,7.25
23.96,5,   coast,-11.05,4292.19,2995.41,7.37
23.97,5,   coast,-11.05,4292.32,2995.53,7.26
23.98,5,   coast,-11.04,4292.06,2995.28,7.15
23.99,5,   coast,-11.03,4292.06,2995.28,7.04
24,5,   coast,-11.01,4291.29,2994.51,6.93
24.01,5,   coast,-11,4292.06,2995.28,6.82
24.02,5,   coast,-10.97,4292.45,2995.66,6.71
24.03,5,   coast,-10.95,4292.83,2996.05,6.6
24.04,5,   coast,-10.92,4292.32,2995.53,6.49
24.05,5,   coast,-10.89,4292.45,2995.66,6.38
24.06,5,   coast,-10.86,4292.96,2996.18,6.27
24.07,5,   coast,-10.82,4293.22,2996.43,6.17
24.08,5,   coast,-10.78,4292.83,2996.05,6.06
24.09,5,   coast,-10.74,4292.7,2995.92,5.95
24.1,5,   coast,-10.69,4292.7,2995.92,5.84
24.11,5,   coast,-10.65,4293.47,2996.69,5.74
24.12,5,   coast,-10.6,4292.83,2996.05,5.63
24.13,5,   coast,-10.55,4292.83,2996.05,5.52
24.14,5,   coast,-10.5,4293.09,2996.31,5.42
24.15,5,   coast,-10.45,4292.83,2996.05,5.31
24.16,5,   coast,-10.39,4293.34,2996.56,5.2
24.17,5,   coast,-10.33,4292.32,2995.53,5.1
24.18,5,   coast,-10.27,4293.09,2996.31,4.99
24.19,5,   coast,-10.21,4293.34,2996.56,4.88
24.2,5,   coast,-10.15,4294.12,2997.33,4.78
24.21,5,   coast,-10.09,4294.12,2997.33,4.68
24.22,5,   coast,-10.02,4293.47,2996.69,4.57
24.23,5,   coast,-9.95,4293.47,2996.69,4.47
24.24,5,   coast,-9.88,4293.86,2997.08,4.36
24.25,5,   coast,-9.81,4293.22,2996.43,4.26
24.26,5,   coast,-9.74,4293.86,2997.08,4.15
24.27,5,   coast,-9.67,4293.34,2996.56,4.04
24.28,5,   coast,-9.59,4293.86,2997.08,3.94
24.29,5,   coast,-9.52,4293.73,2996.95,3.84
24.3,5,   coast,-9.44,4294.12,2997.33,3.73
24.31,5,   coast,-9.37,4294.12,2997.33,3.63
24.32,5,   coast,-9.29,4294.12,2997.33,3.53
24.33,5,   coast,-9.21,4294.5,2997.72,3.43
24.34,5,   coast,-9.12,4294.63,2997.85,3.32
24.35,5,   coast,-9.04,4294.63,2997.85,3.22
24.36,5,   coast,-8.96,4294.63,2997.85,3.18
24.37,5,   coast,-8.88,4294.12,2997.33,3.09
24.38,5,   coast,-8.79,4294.89,2998.1,3.01
24.39,5,   coast,-8.72,4294.24,2997.46,2.92
24.4,5,   coast,-8.64,4294.76,2997.97,2.84
24.41,5,   coast,-8.56,4294.89,2998.1,2.76
24.42,5,   coast,-8.48,4294.37,2997.59,2.68
24.43,5,   coast,-8.41,4294.37,2997.59,2.6
24.44,5,   coast,-8.33,4294.12,2997.33,2.53
24.45,5,   coast,-8.25,4294.63,2997.85,2.45
24.46,5,   coast,-8.03,4294.89,2998.1,2.34
24.47,5,   coast,-7.92,4295.01,2998.23,2.26
24.48,5,   coast,-7.81,4294.12,2997.33,2.18
24.49,5,   coast,-7.7,4294.89,2998.1,2.11
24.5,5,   coast,-7.59,4294.24,2997.46,2.03
24.51,5,   coast,-7.48,4294.89,2998.1,1.95
24.52,5,   coast,-7.38,4294.89,2998.1,1.88
24.53,5,   coast,-7.26,4296.04,2999.26,1.81
24.54,5,   coast,-7.15,4296.04,2999.26,1.74
24.55,5,   coast,-7.04,4294.63,2997.85,1.67
24.56,5,   coast,-6.82,4294.76,2997.97,1.51
24.57,5,   coast,-6.69,4295.01,2998.23,1.42
24.58,5,   coast,-6.56,4295.01,2998.23,1.34
24.59,5,   coast,-6.43,4295.66,2998.87,1.25
24.6,5,   coast,-6.29,4295.01,2998.23,1.17
24.61,5,   coast,-6.16,4295.01,2998.23,1.08
24.62,5,   coast,-6.03,4294.89,2998.1,1
24.63,5,   coast,-5.89,4294.89,2998.1,0.92
24.64,5,   coast,-5.76,4295.4,2998.62,0.83
24.65,5,   coast,-5.62,4295.4,2998.62,0.75
24.66,5,   coast,-5.42,4295.66,2998.87,0.81
24.67,5,   coast,-5.27,4294.89,2998.1,0.76
24.68,5,   coast,-5.12,4295.14,2998.36,0.71
24.69,5,   coast,-4.98,4295.53,2998.75,0.67
24.7,5,   coast,-4.83,4295.91,2999.13,0.62
24.71,5,   coast,-4.69,4295.4,2998.62,0.58
24.72,5,   coast,-4.54,4295.53,2998.75,0.54
24.73,5,   coast,-4.4,4295.27,2998.49,0.51
24.74,5,   coast,-4.25,4295.91,2999.13,0.48
24.75,5,   coast,-4.11,4295.66,2998.87,0.45
24.76,5,   coast,-3.92,4295.66,2998.87,0.34
24.77,5,   coast,-3.77,4296.17,2999.39,0.3
24.78,5,   coast,-3.62,4294.89,2998.1,0.26
24.79,5,   coast,-3.47,4295.14,2998.36,0.22
24.8,5,   coast,-3.32,4295.4,2998.62,0.19
24.81,5,   coast,-3.18,4295.78,2999,0.15
24.82,5,   coast,-3.03,4296.04,2999.26,0.12
24.83,5,   coast,-2.89,4295.14,2998.36,0.09
24.84,5,   coast,-2.74,4296.56,2999.77,0.06
24.85,5,   coast,-2.6,4296.56,2999.77,0.03
