Time,Value,Temperature,Reading
0.0,0,86.3F,9.1
0.05,0,86.3F,9.1
0.1,0,86.3F,9.1
0.15,1,86.3F,9.1
0.2,-1,86.4F,9.1
0.25,2,86.3F,9.1
0.3,0,86.3F,9.1
0.35,0,86.4F,9.1
0.4,2,86.3F,9.1
0.45,0,86.4F,9.1
0.5,-1,86.4F,9.1
0.55,4,86.3F,9.1
0.6,9,86.4F,9.1
0.65,10,86.4F,9.1
0.7,14,86.4F,9.1
0.75,17,86.4F,9.1
0.8,22,86.4F,9.1
0.85,31,86.4F,9.1
0.9,41,86.4F,9.1
0.95,48,86.4F,9.1
1.0,59,86.4F,9.1
1.05,70,86.4F,9.1
1.1,80,86.4F,9.1
1.15,91,86.4F,9.1
1.2,105,86.4F,9.1
1.25,119,86.4F,9.1
1.3,138,86.4F,9.1
1.35,157,86.4F,9.1
1.4,174,86.4F,9.1
1.45,192,86.4F,9.1
1.5,213,86.4F,9.1
1.55,232,86.4F,9.1
1.6,255,86.3F,9.1
1.65,278,86.4F,9.1
1.7,300,86.4F,9.1
1.75,325,86.4F,9.1
1.8,354,86.4F,9.1
1.85,382,86.4F,9.1
1.9,410,86.4F,9.1
1.95,437,86.4F,9.1
2.0,472,86.3F,9.1
2.05,502,86.4F,9.1
2.1,536,86.4F,9.1
2.15,571,86.4F,9.1
2.2,600,86.4F,9.1
2.25,640,86.4F,9.1
2.3,674,86.4F,9.1
2.35,712,86.4F,9.1
2.4,730,86.4F,9.1
2.45,772,86.4F,9.1
2.5,869,86.4F,9.1
2.55,922,86.4F,9.1
2.6,987,86.4F,9.1
2.65,1024,86.3F,9.1
2.7,1088,86.4F,9.1
2.75,1146,86.4F,9.1
2.8,1189,86.4F,9.1
2.85,1240,86.4F,9.1
2.9,1306,86.4F,9.1
2.95,1362,86.4F,9.1
3.0,1408,86.4F,9.1
3.05,1447,86.4F,9.1
3.1,1506,86.4F,9.1
3.15,1559,86.4F,9.1
3.2,1607,86.4F,9.1
3.25,1657,86.4F,9.1
3.3,1701,86.4F,9.1
3.35,1711,86.4F,9.1
3.4,1780,86.4F,9.1
3.45,1829,86.4F,9.1
3.5,1855,86.4F,9.1
3.55,1919,86.4F,9.1
3.6,1966,86.4F,9.1
3.65,2013,86.4F,9.1
3.7,2059,86.4F,9.1
3.75,2101,86.4F,9.1
3.8,2147,86.4F,9.1
3.85,2189,86.4F,9.1
3.9,2215,86.4F,9.1
3.95,2267,86.4F,9.1
4.0,2307,86.4F,9.1
4.05,2332,86.4F,9.1
4.1,2389,86.4F,9.1
4.15,2437,86.4F,9.1
4.2,2479,86.4F,9.1
4.25,2529,86.4F,9.1
4.3,2557,86.4F,9.1
4.35,2592,86.4F,9.1
4.4,2647,86.4F,9.1
4.45,2685,86.4F,9.1
4.5,2715,86.4F,9.1
4.55,2757,86.4F,9.1
4.6,2804,86.4F,9.1
4.65,2851,86.4F,9.1
4.7,2897,86.4F,9.1
4.75,2929,86.4F,9.1
4.8,2944,86.5F,9.1
4.85,2982,86.4F,9.1
4.9,3036,86.4F,9.1
4.95,3074,86.4F,9.1
5.0,3097,86.5F,9.1
5.05,3144,86.5F,9.1
5.1,3186,86.4F,9.1
5.15,3222,86.4F,9.1
5.2,3261,86.4F,9.1
5.25,3302,86.4F,9.1
5.3,3332,86.4F,9.1
5.35,3366,86.4F,9.1
5.4,3406,86.4F,9.1
5.45,3442,86.4F,9.1
5.5,3483,86.4F,9.1
5.55,3516,86.4F,9.1
5.6,3550,86.4F,9.1
5.65,3586,86.4F,9.1
5.7,3625,86.4F,9.1
5.75,3660,86.4F,9.1
5.8,3698,86.4F,9.1
5.85,3733,86.4F,9.1
5.9,3769,86.4F,9.1
5.95,3801,86.4F,9.1
6.0,3835,86.4F,9.1
6.05,3874,86.4F,9.1
6.1,3907,86.4F,9.1
6.15,3938,86.4F,9.1
6.2,3974,86.4F,9.1
6.25,4014,86.4F,9.1
6.3,4046,86.4F,9.1
6.35,4075,86.4F,9.1
6.4,4110,86.4F,9.1
6.45,4143,86.4F,9.1
6.5,4174,86.4F,9.1
6.55,4208,86.4F,9.1
6.6,4238,86.4F,9.1
6.65,4271,86.4F,9.1
6.7,4304,86.4F,9.1
6.75,4338,86.4F,9.1
6.8,4368,86.4F,9.1
6.85,4398,86.4F,9.1
6.9,4430,86.4F,9.1
6.95,4461,86.4F,9.1
7.0,4491,86.4F,9.1
7.05,4519,86.4F,9.1
7.1,4552,86.4F,9.1
7.15,4585,86.4F,9.1
7.2,4614,86.4F,9.1
7.25,4646,86.4F,9.1
7.3,4679,86.4F,9.1
7.35,4701,86.4F,9.1
7.4,4724,86.4F,9.1
7.45,4753,86.4F,9.1
7.5,4786,86.4F,9.1
7.55,4813,86.4F,9.1
7.6,4841,86.4F,9.1
7.65,4870,86.4F,9.1
7.7,4901,86.4F,9.1
7.75,4930,86.4F,9.1
7.8,4954,86.4F,9.1
7.85,4984,86.4F,9.1
7.9,5014,86.4F,9.1
7.95,5041,86.4F,9.1
8.0,5070,86.4F,9.1
8.05,5097,86.4F,9.1
8.1,5123,86.4F,9.1
8.15,5152,86.4F,9.1
8.2,5178,86.4F,9.1
8.25,5205,86.4F,9.1
8.3,5231,86.4F,9.1
8.35,5259,86.4F,9.1
8.4,5287,86.4F,9.1
8.45,5314,86.4F,9.1
8.5,5340,86.4F,9.1
8.55,5367,86.4F,9.1
8.6,5393,86.4F,9.1
8.65,5420,86.4F,9.1
8.7,5443,86.4F,9.1
8.75,5469,86.4F,9.1
8.8,5491,86.4F,9.1
8.85,5516,86.4F,9.1
8.9,5541,86.4F,9.1
8.95,5563,86.4F,9.1
9.0,5589,86.4F,9.1
9.05,5616,86.4F,9.1
9.1,5639,86.4F,9.1
9.15,5662,86.4F,9.1
9.2,5683,86.4F,9.1
9.25,5709,86.4F,9.1
9.3,5730,86.4F,9.1
9.35,5756,86.4F,9.1
9.4,5779,86.4F,9.1
9.45,5802,86.4F,9.1
9.5,5823,86.4F,9.1
9.55,5846,86.4F,9.1
9.6,5869,86.4F,9.1
9.65,5892,86.4F,9.1
9.7,5913,86.4F,9.1
9.75,5934,86.4F,9.1
9.8,5956,86.5F,9.1
9.85,5978,86.4F,9.1
9.9,5999,86.5F,9.1
9.95,6022,86.5F,9.1
10.0,6043,86.5F,9.1
10.05,6065,86.5F,9.1
10.1,6087,86.5F,9.1
10.15,6109,86.5F,9.1
10.2,6128,86.5F,9.1
10.25,6150,86.5F,9.1
10.3,6171,86.5F,9.1
10.35,6193,86.5F,9.1
10.4,6213,86.5F,9.1
10.45,6230,86.5F,9.1
10.5,6252,86.5F,9.1
10.55,6272,86.5F,9.1
10.6,6292,86.5F,9.1
10.65,6310,86.5F,9.1
10.7,6330,86.5F,9.1
10.75,6350,86.5F,9.1
10.8,6368,86.5F,9.1
10.85,6388,86.5F,9.1
10.9,6408,86.5F,9.1
10.95,6427,86.5F,9.1
11.0,6444,86.5F,9.1
11.05,6465,86.5F,9.1
11.1,6485,86.5F,9.1
11.15,6504,86.5F,9.1
11.2,6523,86.5F,9.1
11.25,6544,86.5F,9.1
11.3,6559,86.5F,9.1
11.35,6578,86.5F,9.1
11.4,6597,86.5F,9.1
11.45,6613,86.5F,9.1
11.5,6632,86.5F,9.1
11.55,6650,86.5F,9.1
11.6,6666,86.5F,9.1
11.65,6684,86.5F,9.1
11.7,6701,86.5F,9.1
11.75,6719,86.5F,9.1
11.8,6737,86.5F,9.1
11.85,6754,86.5F,9.1
11.9,6771,86.5F,9.1
11.95,6788,86.5F,9.1
12.0,6804,86.5F,9.1
12.05,6819,86.5F,9.1
12.1,6836,86.5F,9.1
12.15,6853,86.5F,9.1
12.2,6867,86.5F,9.1
12.25,6886,86.5F,9.1
12.3,6902,86.5F,9.1
12.35,6918,86.5F,9.1
12.4,6934,86.5F,9.1
12.45,6947,86.5F,9.1
12.5,6965,86.5F,9.1
12.55,6981,86.5F,9.1
12.6,6995,86.5F,9.1
12.65,7012,86.5F,9.1
12.7,7028,86.5F,9.1
12.75,7042,86.5F,9.1
12.8,7056,86.5F,9.1
12.85,7071,86.5F,9.1
12.9,7087,86.5F,9.1
12.95,7101,86.5F,9.1
13.0,7118,86.5F,9.1
13.05,7132,86.5F,9.1
13.1,7146,86.5F,9.1
13.15,7159,86.5F,9.1
13.2,7173,86.5F,9.1
13.25,7188,86.5F,9.1
13.3,7202,86.5F,9.1
13.35,7216,86.5F,9.1
13.4,7229,86.5F,9.1
13.45,7243,86.5F,9.1
13.5,7255,86.5F,9.1
13.55,7268,86.5F,9.1
13.6,7284,86.5F,9.1
13.65,7295,86.5F,9.1
13.7,7308,86.5F,9.1
13.75,7322,86.5F,9.1
13.8,7336,86.5F,9.1
13.85,7349,86.5F,9.1
13.9,7361,86.5F,9.1
13.95,7375,86.5F,9.1
14.0,7387,86.5F,9.1
14.05,7400,86.5F,9.1
14.1,7412,86.5F,9.1
14.15,7425,86.5F,9.1
14.2,7435,86.5F,9.1
14.25,7449,86.5F,9.1
14.3,7461,86.5F,9.1
14.35,7473,86.5F,9.1
14.4,7484,86.5F,9.1
14.45,7496,86.5F,9.1
14.5,7507,86.5F,9.1
14.55,7520,86.5F,9.1
14.6,7532,86.5F,9.1
14.65,7542,86.5F,9.1
14.7,7554,86.5F,9.1
14.75,7566,86.5F,9.1
14.8,7575,86.5F,9.1
14.85,7587,86.5F,9.1
14.9,7597,86.5F,9.1
14.95,7609,86.5F,9.1
15.0,7618,86.5F,9.1
15.05,7630,86.5F,9.1
15.1,7640,86.5F,9.1
15.15,7650,86.5F,9.1
15.2,7659,86.5F,9.1
15.25,7669,86.5F,9.1
15.3,7680,86.5F,9.1
15.35,7689,86.5F,9.1
15.4,7699,86.5F,9.1
15.45,7710,86.5F,9.1
15.5,7721,86.5F,9.1
15.55,7731,86.5F,9.1
15.6,7741,86.5F,9.1
15.65,7748,86.5F,9.1
15.7,7758,86.5F,9.1
15.75,7768,86.5F,9.1
15.8,7778,86.5F,9.1
15.85,7789,86.5F,9.1
15.9,7796,86.5F,9.1
15.95,7805,86.5F,9.1
16.0,7813,86.5F,9.1
16.05,7822,86.5F,9.1
16.1,7830,86.5F,9.1
16.15,7840,86.5F,9.1
16.2,7847,86.5F,9.1
16.25,7855,86.5F,9.1
16.3,7865,86.5F,9.1
16.35,7874,86.5F,9.1
16.4,7881,86.5F,9.1
16.45,7889,86.5F,9.1
16.5,7897,86.5F,9.1
16.55,7906,86.5F,9.1
16.6,7915,86.5F,9.1
16.65,7919,86.5F,9.1
16.7,7930,86.5F,9.1
16.75,7936,86.5F,9.1
16.8,7944,86.5F,9.1
16.85,7951,86.5F,9.1
16.9,7958,86.5F,9.1
16.95,7965,86.5F,9.1
17.0,7973,86.5F,9.1
17.05,7979,86.5F,9.1
17.1,7986,86.5F,9.1
17.15,7993,86.5F,9.1
17.2,7998,86.5F,9.1
17.25,8006,86.5F,9.1
17.3,8012,86.5F,9.1
17.35,8019,86.5F,9.1
17.4,8025,86.5F,9.1
17.45,8032,86.5F,9.1
17.5,8037,86.5F,9.1
17.55,8044,86.5F,9.1
17.6,8050,86.5F,9.1
17.65,8056,86.5F,9.1
17.7,8062,86.5F,9.1
17.75,8067,86.5F,9.1
17.8,8075,86.5F,9.1
17.85,8079,86.5F,9.1
17.9,8086,86.5F,9.1
17.95,8090,86.5F,9.1
18.0,8094,86.5F,9.1
18.05,8100,86.5F,9.1
18.1,8106,86.5F,9.1
18.15,8111,86.5F,9.1
18.2,8116,86.5F,9.1
18.25,8120,86.5F,9.1
18.3,8125,86.5F,9.1
18.35,8131,86.5F,9.1
18.4,8136,86.5F,9.1
18.45,8141,86.5F,9.1
18.5,8144,86.5F,9.1
18.55,8151,86.5F,9.1
18.6,8154,86.5F,9.1
18.65,8157,86.5F,9.1
18.7,8163,86.5F,9.1
18.75,8167,86.5F,9.1
18.8,8171,86.5F,9.1
18.85,8174,86.5F,9.1
18.9,8180,86.5F,9.1
18.95,8185,86.5F,9.1
19.0,8187,86.5F,9.1
19.05,8190,86.5F,9.1
19.1,8193,86.5F,9.1
19.15,8196,86.5F,9.1
19.2,8202,86.5F,9.1
19.25,8205,86.5F,9.1
19.3,8207,86.5F,9.1
19.35,8211,86.5F,9.1
19.4,8214,86.5F,9.1
19.45,8217,86.5F,9.1
19.5,8219,86.5F,9.1
19.55,8223,86.5F,9.1
19.6,8225,86.5F,9.1
19.65,8228,86.5F,9.1
19.7,8230,86.5F,9.1
19.75,8233,86.5F,9.1
19.8,8235,86.5F,9.1
19.85,8238,86.5F,9.1
19.9,8239,86.5F,9.1
19.95,8241,86.5F,9.1
20.0,8243,86.5F,9.1
20.05,8244,86.5F,9.1
20.1,8247,86.5F,9.1
20.15,8249,86.5F,9.1
20.2,8253,86.5F,9.1
20.25,8254,86.5F,9.1
20.3,8254,86.5F,9.1
20.35,8257,86.5F,9.1
20.4,8257,86.5F,9.1
20.45,8259,86.5F,9.1
20.5,8261,86.5F,9.1
20.55,8262,86.5F,9.1
20.6,8264,86.5F,9.1
20.65,8265,86.5F,9.1
20.7,8266,86.5F,9.1
20.75,8266,86.5F,9.1
20.8,8267,86.5F,9.1
20.85,8268,86.5F,9.1
20.9,8269,86.5F,9.1
20.95,8269,86.5F,9.1
21.0,8272,86.5F,9.1
21.05,8270,86.5F,9.1
21.1,8270,86.5F,9.1
21.15,8269,86.5F,9.0
21.2,8259,86.5F,9.1
21.25,8201,86.5F,8.8
21.3,8272,86.5F,9.0
21.35,8272,86.5F,9.1
21.4,8272,86.5F,9.1
21.45,8274,86.5F,9.1
21.5,8274,86.5F,9.1
21.55,8275,86.5F,9.1
21.6,8275,86.5F,9.1
21.65,8274,86.5F,9.1
21.7,8275,86.5F,9.1
21.75,8274,86.5F,9.1
21.8,8275,86.5F,9.1
21.85,8275,86.5F,9.1
21.9,8274,86.5F,9.1
21.95,8274,86.5F,9.1
22.0,8275,86.5F,9.1
22.05,8275,86.5F,9.1
22.1,8281,86.5F,9.1
22.15,8273,86.5F,9.1
22.2,8272,86.5F,9.1
22.25,8280,86.5F,9.1
22.3,8285,86.5F,9.1
22.35,8285,86.5F,9.1
22.4,8275,86.5F,9.1
22.45,8274,86.5F,9.1
22.5,8270,86.5F,9.1
22.55,8268,86.5F,9.1
22.6,8269,86.5F,9.1
22.65,8268,86.5F,9.1
22.7,8264,86.5F,9.1
22.75,8263,86.5F,9.1
22.8,8260,86.5F,9.1
22.85,8256,86.5F,9.1
22.9,8251,86.5F,9.1
22.95,8249,86.5F,9.1
23.0,8248,86.5F,9.1
23.05,8245,86.5F,9.1
23.1,8248,86.5F,9.1
23.15,8247,86.5F,9.1
23.2,8245,86.5F,9.1
23.25,8246,86.5F,9.1
23.3,8241,86.5F,9.1
23.35,8237,86.5F,9.1
23.4,8239,86.5F,9.1
23.45,8244,86.5F,9.1
23.5,8245,86.5F,9.1
23.55,8244,86.5F,9.1
23.6,8245,86.5F,9.1
23.65,8245,86.5F,9.1
23.7,8245,86.5F,9.1
23.75,8240,86.5F,9.1
23.8,8230,86.5F,9.1
23.85,8224,86.5F,9.1
23.9,8208,86.5F,9.1
23.95,8203,86.5F,9.1
24.0,8192,86.5F,9.1
24.05,8186,86.5F,9.1
24.1,8181,86.5F,9.1
24.15,8179,86.5F,9.1
24.2,8178,86.5F,9.1
24.25,8181,86.5F,9.1
24.3,8173,86.5F,9.1
24.35,8170,86.5F,9.1
24.4,8167,86.5F,9.1
24.45,8173,86.5F,9.1
24.5,8171,86.5F,9.1
24.55,8166,86.5F,9.1
24.6,8159,86.5F,9.1
24.65,8153,86.5F,9.1
24.7,8152,86.5F,9.1
24.75,8149,86.5F,9.1
24.8,8142,86.5F,9.1
24.85,8137,86.5F,9.1
24.9,8134,86.5F,9.1
24.95,8130,86.5F,9.1
25.0,8125,86.5F,9.1
25.05,8125,86.5F,9.1
25.1,8124,86.5F,9.1
25.15,8121,86.5F,9.1
25.2,8118,86.5F,9.1
25.25,8113,86.5F,9.1
25.3,8108,86.5F,9.1
25.35,8103,86.5F,9.1
25.4,8102,86.5F,9.1
25.45,8108,86.5F,9.1
25.5,8103,86.5F,9.1
25.55,8098,86.5F,9.1
25.6,8105,86.5F,9.1
25.65,8103,86.5F,9.1
25.7,8097,86.5F,9.1
25.75,8086,86.5F,9.1
25.8,8081,86.5F,9.1
25.85,8072,86.5F,9.1
25.9,8070,86.5F,9.1
25.95,8065,86.5F,9.1
26.0,8064,86.5F,9.1
26.05,8060,86.5F,9.1
26.1,8056,86.5F,9.1
26.15,8053,86.5F,9.1
26.2,8052,86.5F,9.1
26.25,8050,86.5F,9.1
26.3,8049,86.5F,9.1
26.35,8046,86.5F,9.1
26.4,8038,86.5F,9.1
26.45,8038,86.5F,9.1
26.5,8051,86.5F,9.1
26.55,8056,86.5F,9.1
26.6,8051,86.5F,9.1
26.65,8046,86.5F,9.1
26.7,8042,86.5F,9.1
26.75,8041,86.5F,9.1
26.8,8012,86.5F,9.1
26.85,8008,86.5F,9.1
26.9,8003,86.5F,9.1
26.95,7999,86.5F,9.1
27.0,7997,86.5F,9.1
27.05,7995,86.5F,9.1
27.1,7992,86.5F,9.1
27.15,7988,86.5F,9.1
27.2,7988,86.5F,9.1
27.25,7984,86.5F,9.1
27.3,7984,86.5F,9.1
27.35,7983,86.5F,9.1
27.4,7983,86.5F,9.1
27.45,7980,86.5F,9.1
27.5,7984,86.5F,9.1
27.55,7983,86.5F,9.1
27.6,7985,86.5F,9.1
27.65,7975,86.5F,9.1
27.7,7974,86.5F,9.1
27.75,7959,86.5F,9.1
27.8,7955,86.5F,9.1
27.85,7947,86.5F,9.1
27.9,7935,86.5F,9.1
27.95,7932,86.5F,9.1
28.0,7928,86.5F,9.1
28.05,7925,86.5F,9.1
28.1,7921,86.5F,9.1
28.15,7919,86.5F,9.1
28.2,7914,86.5F,9.1
28.25,7911,86.5F,9.1
28.3,7908,86.5F,9.1
28.35,7905,86.5F,9.1
28.4,7904,86.5F,9.1
28.45,7900,86.5F,9.1
28.5,7897,86.5F,9.1
28.55,7896,86.5F,9.1
28.6,7894,86.5F,9.1
28.65,7888,86.5F,9.1
28.7,7884,86.5F,9.1
28.75,7879,86.5F,9.1
28.8,7874,86.5F,9.1
28.85,7874,86.5F,9.1
28.9,7872,86.5F,9.1
28.95,7868,86.5F,9.1
29.0,7866,86.5F,9.1
29.05,7860,86.5F,9.1
29.1,7862,86.5F,9.1
29.15,7857,86.5F,9.1
29.2,7852,86.5F,9.1
29.25,7850,86.5F,9.1
29.3,7843,86.5F,9.1
29.35,7838,86.5F,9.1
29.4,7834,86.5F,9.1
29.45,7830,86.5F,9.1
29.5,7826,86.5F,9.1
29.55,7822,86.5F,9.1
29.6,7819,86.5F,9.1
29.65,7817,86.5F,9.1
29.7,7816,86.5F,9.1
29.75,7812,86.5F,9.1
29.8,7808,86.5F,9.1
29.85,7808,86.5F,9.1
29.9,7811,86.5F,9.1
29.95,7809,86.5F,9.1
30.0,7821,86.5F,9.1
30.05,7803,86.5F,9.1
30.1,7801,86.5F,9.1
30.15,7791,86.5F,9.1
30.2,7786,86.5F,9.1
30.25,7781,86.5F,9.1
30.3,7776,86.5F,9.1
30.35,7772,86.5F,9.1
30.4,7770,86.5F,9.1
30.45,7765,86.5F,9.1
30.5,7758,86.5F,9.1
30.55,7755,86.5F,9.1
30.6,7751,86.5F,9.1
30.65,7749,86.5F,9.1
30.7,7746,86.5F,9.1
30.75,7748,86.5F,9.1
30.8,7744,86.5F,9.1
30.85,7739,86.5F,9.1
30.9,7737,86.5F,9.1
30.95,7736,86.5F,9.1
31.0,7731,86.5F,9.1
31.05,7715,86.5F,9.1
31.1,7709,86.5F,9.1
31.15,7708,86.5F,9.1
31.2,7705,86.5F,9.1
31.25,7700,86.5F,9.1
31.3,7696,86.5F,9.1
31.35,7693,86.5F,9.1
31.4,7689,86.5F,9.1
31.45,7686,86.5F,9.1
31.5,7682,86.5F,9.1
31.55,7680,86.5F,9.1
31.6,7679,86.5F,9.1
31.65,7679,86.5F,9.1
31.7,7677,86.5F,9.1
31.75,7672,86.5F,9.1
31.8,7667,86.5F,9.1
31.85,7666,86.4F,9.1
31.9,7663,86.5F,9.1
31.95,7659,86.5F,9.1
32.0,7654,86.5F,9.1
32.05,7650,86.5F,9.1
32.1,7644,86.5F,9.1
32.15,7640,86.5F,9.1
32.2,7635,86.5F,9.1
32.25,7633,86.4F,9.1
32.3,7630,86.4F,9.1
32.35,7626,86.4F,9.1
32.4,7624,86.4F,9.1
32.45,7620,86.4F,9.1
32.5,7619,86.4F,9.1
32.55,7616,86.5F,9.1
32.6,7615,86.4F,9.1
32.65,7612,86.4F,9.1
32.7,7608,86.4F,9.1
32.75,7603,86.4F,9.1
32.8,7598,86.4F,9.1
32.85,7591,86.4F,9.1
32.9,7586,86.4F,9.1
32.95,7582,86.4F,9.1
33.0,7576,86.4F,9.1
33.05,7573,86.4F,9.1
33.1,7568,86.5F,9.1
33.15,7565,86.4F,9.1
33.2,7561,86.4F,9.1
33.25,7558,86.4F,9.1
33.3,7556,86.4F,9.1
33.35,7554,86.4F,9.1
33.4,7553,86.4F,9.1
33.45,7551,86.4F,9.1
33.5,7552,86.4F,9.1
33.55,7548,86.4F,9.1
33.6,7547,86.4F,9.1
33.65,7542,86.4F,9.1
33.7,7535,86.4F,9.1
33.75,7534,86.4F,9.1
33.8,7529,86.4F,9.1
33.85,7520,86.4F,9.1
33.9,7515,86.4F,9.1
33.95,7510,86.4F,9.1
34.0,7505,86.4F,9.1
34.05,7502,86.4F,9.1
34.1,7500,86.4F,9.1
34.15,7495,86.4F,9.1
34.2,7492,86.4F,9.1
34.25,7489,86.4F,9.1
34.3,7490,86.4F,9.1
34.35,7488,86.4F,9.1
34.4,7490,86.4F,9.1
34.45,7485,86.4F,9.1
34.5,7484,86.4F,9.1
34.55,7484,86.4F,9.1
34.6,7481,86.4F,9.1
34.65,7469,86.4F,9.1
34.7,7463,86.4F,9.1
34.75,7455,86.4F,9.1
34.8,7451,86.4F,9.1
34.85,7446,86.4F,9.1
34.9,7440,86.4F,9.1
34.95,7438,86.4F,9.1
35.0,7435,86.4F,9.1
35.05,7431,86.4F,9.1
35.1,7430,86.4F,9.1
35.15,7427,86.4F,9.1
35.2,7426,86.4F,9.1
35.25,7423,86.4F,9.1
35.3,7418,86.4F,9.1
35.35,7412,86.4F,9.1
35.4,7406,86.4F,9.1
35.45,7405,86.4F,9.1
35.5,7403,86.4F,9.1
35.55,7398,86.4F,9.1
35.6,7392,86.4F,9.1
35.65,7389,86.4F,9.1
35.7,7387,86.4F,9.1
35.75,7385,86.4F,9.1
35.8,7383,86.4F,9.1
35.85,7379,86.4F,9.1
35.9,7376,86.4F,9.1
35.95,7374,86.4F,9.1
36.0,7369,86.4F,9.1
36.05,7367,86.4F,9.1
36.1,7367,86.4F,9.1
36.15,7362,86.4F,9.1
36.2,7355,86.4F,9.1
36.25,7350,86.4F,9.1
36.3,7348,86.4F,9.1
36.35,7342,86.4F,9.1
36.4,7340,86.4F,9.1
36.45,7335,86.4F,9.1
36.5,7332,86.4F,9.1
36.55,7329,86.4F,9.1
36.6,7326,86.4F,9.1
36.65,7324,86.4F,9.1
36.7,7321,86.4F,9.1
36.75,7316,86.4F,9.1
36.8,7313,86.4F,9.1
36.85,7311,86.4F,9.1
36.9,7310,86.4F,9.1
36.95,7307,86.4F,9.1
37.0,7304,86.4F,9.1
37.05,7301,86.4F,9.1
37.1,7295,86.4F,9.1
37.15,7289,86.4F,9.1
37.2,7283,86.4F,9.1
37.25,7281,86.4F,9.1
37.3,7278,86.4F,9.1
37.35,7275,86.4F,9.1
37.4,7272,86.4F,9.1
37.45,7269,86.4F,9.1
37.5,7268,86.4F,9.1
37.55,7261,86.4F,9.1
37.6,7259,86.4F,9.1
37.65,7257,86.4F,9.1
37.7,7255,86.4F,9.1
37.75,7254,86.4F,9.1
37.8,7252,86.4F,9.1
37.85,7247,86.4F,9.1
37.9,7246,86.4F,9.1
37.95,7240,86.4F,9.1
38.0,7235,86.4F,9.1
38.05,7229,86.4F,9.1
38.1,7223,86.4F,9.1
38.15,7220,86.4F,9.1
38.2,7216,86.4F,9.1
38.25,7213,86.4F,9.1
38.3,7210,86.4F,9.1
38.35,7206,86.4F,9.1
38.4,7203,86.4F,9.1
38.45,7199,86.4F,9.1
38.5,7196,86.4F,9.1
38.55,7193,86.4F,9.1
38.6,7188,86.4F,9.1
38.65,7183,86.4F,9.1
38.7,7181,86.4F,9.1
38.75,7177,86.4F,9.1
38.8,7175,86.4F,9.1
38.85,7174,86.3F,9.1
38.9,7168,86.4F,9.1
38.95,7165,86.3F,9.1
39.0,7159,86.3F,9.1
39.05,7156,86.4F,9.1
39.1,7153,86.4F,9.1
39.15,7151,86.4F,9.1
39.2,7147,86.3F,9.1
39.25,7145,86.4F,9.1
39.3,7145,86.4F,9.1
39.35,7143,86.4F,9.1
39.4,7142,86.4F,9.1
39.45,7143,86.3F,9.1
39.5,7141,86.4F,9.1
39.55,7140,86.3F,9.1
39.6,7133,86.3F,9.1
39.65,7130,86.3F,9.1
39.7,7119,86.3F,9.1
39.75,7111,86.3F,9.1
39.8,7107,86.3F,9.1
39.85,7102,86.3F,9.1
39.9,7101,86.3F,9.1
39.95,7099,86.3F,9.1
40.0,7092,86.3F,9.1
40.05,7088,86.3F,9.1
40.1,7086,86.3F,9.1
40.15,7081,86.3F,9.1
40.2,7079,86.3F,9.1
40.25,7075,86.3F,9.1
40.3,7077,86.3F,9.1
40.35,7075,86.3F,9.1
40.4,7077,86.3F,9.1
40.45,7075,86.3F,9.1
40.5,7064,86.3F,9.1
40.55,7057,86.3F,9.1
40.6,7052,86.3F,9.1
40.65,7047,86.3F,9.1
40.7,7042,86.3F,9.1
40.75,7039,86.3F,9.1
40.8,7033,86.3F,9.1
40.85,7030,86.3F,9.1
40.9,7024,86.3F,9.1
40.95,7021,86.3F,9.1
41.0,7017,86.3F,9.1
41.05,7014,86.3F,9.1
41.1,7014,86.3F,9.1
41.15,7010,86.3F,9.1
41.2,7006,86.3F,9.1
41.25,7003,86.3F,9.1
41.3,6999,86.3F,9.1
41.35,6997,86.3F,9.1
41.4,6992,86.3F,9.1
41.45,6988,86.3F,9.1
41.5,6983,86.3F,9.1
41.55,6979,86.3F,9.1
41.6,6979,86.3F,9.1
41.65,6976,86.3F,9.1
41.7,6972,86.3F,9.1
41.75,6970,86.3F,9.1
41.8,6966,86.3F,9.1
41.85,6962,86.3F,9.1
41.9,6959,86.3F,9.1
41.95,6955,86.3F,9.1
42.0,6956,86.3F,9.1
42.05,6952,86.3F,9.1
42.1,6950,86.3F,9.1
42.15,6945,86.3F,9.1
42.2,6943,86.3F,9.1
42.25,6938,86.3F,9.1
42.3,6931,86.3F,9.1
42.35,6925,86.3F,9.1
42.4,6922,86.3F,9.1
42.45,6916,86.3F,9.1
42.5,6912,86.3F,9.1
42.55,6910,86.3F,9.1
42.6,6904,86.3F,9.1
42.65,6903,86.3F,9.1
42.7,6899,86.3F,9.1
42.75,6896,86.3F,9.1
42.8,6895,86.3F,9.1
42.85,6894,86.3F,9.1
42.9,6894,86.3F,9.1
42.95,6892,86.3F,9.1
43.0,6890,86.3F,9.1
43.05,6880,86.3F,9.1
43.1,6888,86.3F,9.1
43.15,6890,86.3F,9.1
43.2,6885,86.3F,9.1
43.25,6871,86.3F,9.1
43.3,6865,86.3F,9.1
43.35,6864,86.3F,9.1
43.4,6865,86.3F,9.1
43.45,6855,86.3F,9.1
43.5,6848,86.3F,9.1
43.55,6845,86.3F,9.1
43.6,6840,86.3F,9.1
43.65,6841,86.3F,9.1
43.7,6842,86.3F,9.1
43.75,6837,86.3F,9.1
43.8,6830,86.3F,9.1
43.85,6833,86.3F,9.1
43.9,6840,86.3F,9.1
43.95,6850,86.3F,9.1
44.0,6835,86.2F,9.1
44.05,6826,86.3F,9.1
44.1,6821,86.3F,9.1
44.15,6819,86.2F,9.1
44.2,6814,86.2F,9.1
44.25,6796,86.3F,9.1
44.3,6793,86.2F,9.1
44.35,6790,86.2F,9.1
44.4,6784,86.2F,9.1
44.45,6780,86.2F,9.1
44.5,6778,86.2F,9.1
44.55,6774,86.2F,9.1
44.6,6771,86.2F,9.1
44.65,6771,86.2F,9.1
44.7,6769,86.2F,9.1
44.75,6766,86.2F,9.1
44.8,6770,86.2F,9.1
44.85,6777,86.2F,9.1
44.9,6752,86.2F,9.1
44.95,6748,86.2F,9.1
45.0,6742,86.2F,9.1
45.05,6742,86.2F,9.1
45.1,6734,86.2F,9.1
45.15,6728,86.2F,9.1
45.2,6724,86.2F,9.1
45.25,6721,86.2F,9.1
45.3,6718,86.2F,9.1
45.35,6717,86.2F,9.1
45.4,6714,86.2F,9.1
45.45,6713,86.2F,9.1
45.5,6711,86.2F,9.1
45.55,6706,86.2F,9.1
45.6,6702,86.2F,9.1
45.65,6702,86.2F,9.1
45.7,6698,86.2F,9.1
45.75,6693,86.2F,9.1
45.8,6687,86.2F,9.1
45.85,6686,86.2F,9.1
45.9,6680,86.2F,9.1
45.95,6675,86.2F,9.1
46.0,6669,86.2F,9.1
46.05,6666,86.2F,9.1
46.1,6663,86.2F,9.1
46.15,6660,86.2F,9.1
46.2,6659,86.2F,9.1
46.25,6662,86.2F,9.1
46.3,6661,86.2F,9.1
46.35,6659,86.2F,9.1
46.4,6655,86.2F,9.1
46.45,6645,86.2F,9.1
46.5,6646,86.2F,9.1
46.55,6645,86.2F,9.1
46.6,6640,86.2F,9.1
46.65,6632,86.2F,9.1
46.7,6625,86.2F,9.1
46.75,6620,86.2F,9.1
46.8,6618,86.2F,9.1
46.85,6618,86.2F,9.1
46.9,6616,86.2F,9.1
46.95,6612,86.2F,9.1
47.0,6607,86.2F,9.1
47.05,6608,86.2F,9.1
47.1,6603,86.2F,9.1
47.15,6596,86.2F,9.1
47.2,6592,86.2F,9.1
47.25,6593,86.2F,9.1
47.3,6592,86.2F,9.1
47.35,6586,86.2F,9.1
47.4,6583,86.2F,9.1
47.45,6579,86.2F,9.1
47.5,6575,86.2F,9.1
47.55,6574,86.1F,9.1
47.6,6567,86.2F,9.1
47.65,6564,86.1F,9.1
47.7,6565,86.1F,9.1
47.75,6562,86.2F,9.1
47.8,6560,86.2F,9.1
47.85,6564,86.2F,9.1
47.9,6557,86.2F,9.1
47.95,6566,86.1F,9.1
48.0,6560,86.1F,9.1
48.05,6541,86.2F,9.1
48.1,6536,86.1F,9.1
48.15,6534,86.1F,9.1
48.2,6527,86.1F,9.1
48.25,6525,86.1F,9.1
48.3,6522,86.1F,9.1
48.35,6516,86.1F,9.1
48.4,6512,86.1F,9.1
48.45,6508,86.1F,9.1
48.5,6507,86.1F,9.1
48.55,6503,86.1F,9.1
48.6,6503,86.1F,9.1
48.65,6502,86.1F,9.1
48.7,6501,86.1F,9.1
48.75,6499,86.1F,9.1
48.8,6501,86.1F,9.1
48.85,6490,86.1F,9.1
48.9,6483,86.1F,9.1
48.95,6478,86.1F,9.1
49.0,6475,86.1F,9.1
49.05,6471,86.1F,9.1
49.1,6465,86.1F,9.1
49.15,6458,86.1F,9.1
49.2,6455,86.1F,9.1
49.25,6452,86.1F,9.1
49.3,6447,86.1F,9.1
49.35,6444,86.1F,9.1
49.4,6441,86.1F,9.1
49.45,6440,86.1F,9.1
49.5,6438,86.1F,9.1
49.55,6432,86.1F,9.1
49.6,6430,86.1F,9.1
49.65,6430,86.1F,9.1
49.7,6428,86.1F,9.1
49.75,6423,86.1F,9.1
49.8,6419,86.1F,9.1
49.85,6415,86.1F,9.1
49.9,6412,86.1F,9.1
49.95,6407,86.1F,9.1
50.0,6405,86.1F,9.1
50.05,6400,86.1F,9.1
50.1,6395,86.1F,9.1
50.15,6391,86.1F,9.1
50.2,6387,86.1F,9.1
50.25,6385,86.1F,9.1
50.3,6382,86.1F,9.1
50.35,6378,86.1F,9.1
50.4,6376,86.1F,9.1
50.45,6372,86.1F,9.1
50.5,6369,86.1F,9.1
50.55,6366,86.1F,9.1
50.6,6362,86.1F,9.1
50.65,6358,86.1F,9.1
50.7,6356,86.1F,9.1
50.75,6351,86.1F,9.1
50.8,6349,86.1F,9.1
50.85,6346,86.1F,9.1
50.9,6342,86.1F,9.1
50.95,6338,86.1F,9.1
51.0,6337,86.1F,9.1
51.05,6335,86.1F,9.1
51.1,6332,86.1F,9.1
51.15,6333,86.1F,9.1
51.2,6332,86.1F,9.1
51.25,6333,86.1F,9.1
51.3,6336,86.1F,9.1
51.35,6326,86.1F,9.1
51.4,6315,86.1F,9.1
51.45,6312,86.1F,9.1
51.5,6305,86.1F,9.1
51.55,6301,86.1F,9.1
51.6,6299,86.1F,9.1
51.65,6293,86.1F,9.1
51.7,6290,86.1F,9.1
51.75,6287,86.1F,9.1
51.8,6282,86.1F,9.1
51.85,6280,86.1F,9.1
51.9,6274,86.1F,9.1
51.95,6272,86.1F,9.1
52.0,6268,86.1F,9.1
52.05,6264,86.1F,9.1
52.1,6262,86.1F,9.1
52.15,6259,86.1F,9.1
52.2,6258,86.1F,9.1
52.25,6253,86.1F,9.1
52.3,6250,86.1F,9.1
52.35,6245,86.1F,9.1
52.4,6242,86.1F,9.1
52.45,6239,86.1F,9.1
52.5,6233,86.1F,9.1
52.55,6229,86.0F,9.1
52.6,6226,86.1F,9.1
52.65,6224,86.0F,9.1
52.7,6221,86.0F,9.1
52.75,6218,86.0F,9.1
52.8,6214,86.0F,9.1
52.85,6211,86.0F,9.1
52.9,6207,86.1F,9.1
52.95,6204,86.0F,9.1
53.0,6201,86.0F,9.1
53.05,6199,86.0F,9.1
53.1,6195,86.0F,9.1
53.15,6193,86.0F,9.1
53.2,6189,86.0F,9.1
53.25,6187,86.0F,9.1
53.3,6182,86.0F,9.1
53.35,6180,86.0F,9.1
53.4,6176,86.0F,9.1
53.45,6173,86.0F,9.1
53.5,6170,86.0F,9.1
53.55,6165,86.0F,9.1
53.6,6160,86.0F,9.1
53.65,6159,86.0F,9.1
53.7,6157,86.0F,9.1
53.75,6154,86.0F,9.1
53.8,6153,86.0F,9.1
53.85,6147,86.0F,9.1
53.9,6145,86.0F,9.1
53.95,6143,86.0F,9.1
54.0,6141,86.0F,9.1
54.05,6136,86.0F,9.1
54.1,6132,86.0F,9.1
54.15,6128,86.0F,9.1
54.2,6124,86.0F,9.1
54.25,6119,86.0F,9.1
54.3,6118,86.0F,9.1
54.35,6113,86.0F,9.1
54.4,6110,86.0F,9.1
54.45,6107,86.0F,9.1
54.5,6104,86.0F,9.1
54.55,6100,86.0F,9.1
54.6,6098,86.0F,9.1
54.65,6095,86.0F,9.1
54.7,6090,86.0F,9.1
54.75,6088,86.0F,9.1
54.8,6084,86.0F,9.1
54.85,6081,86.0F,9.1
54.9,6077,86.0F,9.1
54.95,6072,86.0F,9.1
55.0,6069,86.0F,9.1
55.05,6066,86.0F,9.1
55.1,6065,86.0F,9.1
55.15,6058,86.0F,9.1
55.2,6057,86.0F,9.1
55.25,6053,86.0F,9.1
55.3,6051,86.0F,9.1
55.35,6048,86.0F,9.1
55.4,6044,86.0F,9.1
55.45,6040,86.0F,9.1
55.5,6037,86.0F,9.1
55.55,6035,86.0F,9.1
55.6,6032,86.0F,9.1
55.65,6029,86.0F,9.1
55.7,6029,86.0F,9.1
55.75,6026,86.0F,9.1
55.8,6020,86.0F,9.1
55.85,6014,86.0F,9.1
55.9,6012,86.0F,9.1
55.95,6009,86.0F,9.1
56.0,6006,86.0F,9.1
56.05,6002,86.0F,9.1
56.1,5998,86.0F,9.1
56.15,5996,86.0F,9.1
56.2,5994,86.0F,9.1
56.25,5993,86.0F,9.1
56.3,5987,86.0F,9.1
56.35,5984,86.0F,9.1
56.4,5981,86.0F,9.1
56.45,5978,86.0F,9.1
56.5,5977,86.0F,9.1
56.55,5973,86.0F,9.1
56.6,5968,86.0F,9.1
56.65,5968,86.0F,9.1
56.7,5968,86.0F,9.1
56.75,5964,85.9F,9.1
56.8,5958,86.0F,9.1
56.85,5952,85.9F,9.1
56.9,5948,86.0F,9.1
56.95,5944,86.0F,9.1
57.0,5943,85.9F,9.1
57.05,5944,85.9F,9.1
57.1,5945,86.0F,9.1
57.15,5942,85.9F,9.1
57.2,5940,85.9F,9.1
57.25,5930,85.9F,9.1
57.3,5920,85.9F,9.1
57.35,5916,85.9F,9.1
57.4,5915,85.9F,9.1
57.45,5911,85.9F,9.1
57.5,5906,85.9F,9.1
57.55,5902,86.0F,9.1
57.6,5901,85.9F,9.1
57.65,5899,85.9F,9.1
57.7,5895,85.9F,9.1
57.75,5892,85.9F,9.1
57.8,5889,85.9F,9.1
57.85,5888,85.9F,9.1
57.9,5888,85.9F,9.1
57.95,5882,85.9F,9.1
58.0,5877,85.9F,9.1
58.05,5881,85.9F,9.1
58.1,5888,85.9F,9.1
58.15,5880,85.9F,9.1
58.2,5868,85.9F,9.1
58.25,5867,85.9F,9.1
58.3,5867,85.9F,9.1
58.35,5861,85.9F,9.1
58.4,5853,85.9F,9.1
58.45,5848,85.9F,9.1
58.5,5845,85.9F,9.1
58.55,5839,85.9F,9.1
58.6,5837,85.9F,9.1
58.65,5833,85.9F,9.1
58.7,5832,85.9F,9.1
58.75,5832,85.9F,9.1
58.8,5829,85.9F,9.1
58.85,5831,85.9F,9.1
58.9,5834,85.9F,9.1
58.95,5828,85.9F,9.1
59.0,5820,85.9F,9.1
59.05,5815,85.9F,9.1
59.1,5817,85.9F,9.1
59.15,5809,85.9F,9.1
59.2,5801,85.9F,9.1
59.25,5792,85.9F,9.1
59.3,5790,85.9F,9.1
59.35,5787,85.9F,9.1
59.4,5781,85.9F,9.1
59.45,5778,85.9F,9.1
59.5,5774,85.9F,9.1
59.55,5772,85.9F,9.1
59.6,5767,85.9F,9.1
59.65,5766,85.9F,9.1
59.7,5766,85.9F,9.1
59.75,5768,85.9F,9.1
59.8,5767,85.9F,9.1
59.85,5758,85.9F,9.1
59.9,5760,85.9F,9.1
59.95,5757,85.9F,9.1
60.0,5757,85.9F,9.1
60.05,5748,85.9F,9.1
60.1,5737,85.9F,9.1
60.15,5733,85.9F,9.1
60.2,5732,85.9F,9.1
60.25,5725,85.9F,9.1
60.3,5722,85.9F,9.1
60.35,5719,85.9F,9.1
60.4,5714,85.9F,9.1
60.45,5711,85.9F,9.1
60.5,5710,85.9F,9.1
60.55,5709,85.9F,9.1
60.6,5707,85.9F,9.1
60.65,5707,85.9F,9.1
60.7,5702,85.9F,9.1
60.75,5706,85.9F,9.1
60.8,5703,85.9F,9.1
60.85,5699,85.9F,9.1
60.9,5694,85.9F,9.1
60.95,5691,85.9F,9.1
61.0,5682,85.8F,9.1
61.05,5677,85.9F,9.1
61.1,5673,85.8F,9.1
61.15,5667,85.8F,9.1
61.2,5664,85.8F,9.1
61.25,5662,85.8F,9.1
61.3,5658,85.8F,9.1
61.35,5658,85.8F,9.1
61.4,5657,85.8F,9.1
61.45,5655,85.8F,9.1
61.5,5644,85.8F,9.1
61.55,5649,85.8F,9.1
61.6,5646,85.8F,9.1
61.65,5644,85.8F,9.1
61.7,5636,85.8F,9.1
61.75,5630,85.8F,9.1
61.8,5628,85.8F,9.1
61.85,5626,85.8F,9.1
61.9,5624,85.8F,9.1
61.95,5621,85.8F,9.1
62.0,5618,85.8F,9.1
62.05,5617,85.8F,9.1
62.1,5617,85.8F,9.1
62.15,5618,85.8F,9.1
62.2,5606,85.8F,9.1
62.25,5607,85.8F,9.1
62.3,5604,85.8F,9.1
62.35,5603,85.8F,9.1
62.4,5593,85.8F,9.1
62.45,5586,85.8F,9.1
62.5,5586,85.8F,9.1
62.55,5581,85.8F,9.1
62.6,5576,85.8F,9.1
62.65,5572,85.8F,9.1
62.7,5566,85.8F,9.1
62.75,5563,85.8F,9.1
62.8,5559,85.8F,9.1
62.85,5557,85.8F,9.1
62.9,5557,85.8F,9.1
62.95,5558,85.8F,9.1
63.0,5556,85.8F,9.1
63.05,5548,85.8F,9.1
63.1,5545,85.8F,9.1
63.15,5547,85.8F,9.1
63.2,5546,85.8F,9.1
63.25,5536,85.8F,9.1
63.3,5529,85.8F,9.1
63.35,5527,85.8F,9.1
63.4,5524,85.8F,9.1
63.45,5521,85.8F,9.1
63.5,5516,85.8F,9.1
63.55,5512,85.8F,9.1
63.6,5509,85.8F,9.1
63.65,5506,85.8F,9.1
63.7,5506,85.8F,9.1
63.75,5505,85.8F,9.1
63.8,5501,85.8F,9.1
63.85,5496,85.8F,9.1
63.9,5493,85.8F,9.1
63.95,5491,85.8F,9.1
64.0,5490,85.8F,9.1
64.05,5489,85.8F,9.1
64.1,5482,85.8F,9.1
64.15,5474,85.8F,9.1
64.2,5469,85.8F,9.1
64.25,5465,85.8F,9.1
64.3,5460,85.8F,9.1
64.35,5459,85.8F,9.1
64.4,5456,85.8F,9.1
64.45,5452,85.8F,9.1
64.5,5449,85.8F,9.1
64.55,5448,85.8F,9.1
64.6,5444,85.8F,9.1
64.65,5443,85.8F,9.1
64.7,5438,85.7F,9.1
64.75,5436,85.7F,9.1
64.8,5435,85.8F,9.1
64.85,5436,85.8F,9.1
64.9,5432,85.8F,9.1
64.95,5422,85.8F,9.1
65.0,5421,85.7F,9.1
65.05,5415,85.7F,9.1
65.1,5410,85.8F,9.1
65.15,5403,85.7F,9.1
65.2,5399,85.8F,9.1
65.25,5396,85.7F,9.1
65.3,5393,85.7F,9.1
65.35,5390,85.7F,9.1
65.4,5388,85.7F,9.1
65.45,5384,85.7F,9.1
65.5,5386,85.7F,9.1
65.55,5383,85.7F,9.1
65.6,5382,85.7F,9.1
65.65,5374,85.7F,9.1
65.7,5371,85.7F,9.1
65.75,5363,85.7F,9.1
65.8,5360,85.7F,9.1
65.85,5359,85.7F,9.1
65.9,5356,85.7F,9.1
65.95,5352,85.7F,9.1
66.0,5347,85.7F,9.1
66.05,5343,85.7F,9.1
66.1,5339,85.7F,9.1
66.15,5334,85.7F,9.1
66.2,5331,85.7F,9.1
66.25,5331,85.7F,9.1
66.3,5328,85.7F,9.1
66.35,5324,85.7F,9.1
66.4,5321,85.7F,9.1
66.45,5318,85.7F,9.1
66.5,5314,85.7F,9.1
66.55,5309,85.7F,9.1
66.6,5306,85.7F,9.1
66.65,5305,85.7F,9.1
66.7,5301,85.7F,9.1
66.75,5298,85.7F,9.1
66.8,5293,85.7F,9.1
66.85,5288,85.7F,9.1
66.9,5285,85.7F,9.1
66.95,5283,85.7F,9.1
67.0,5280,85.7F,9.1
67.05,5278,85.7F,9.1
67.1,5275,85.7F,9.1
67.15,5273,85.7F,9.1
67.2,5269,85.7F,9.1
67.25,5265,85.7F,9.1
67.3,5263,85.7F,9.1
67.35,5263,85.7F,9.1
67.4,5257,85.7F,9.1
67.45,5253,85.7F,9.1
67.5,5248,85.7F,9.1
67.55,5245,85.7F,9.1
67.6,5242,85.7F,9.1
67.65,5240,85.7F,9.1
67.7,5238,85.7F,9.1
67.75,5236,85.7F,9.1
67.8,5237,85.7F,9.1
67.85,5232,85.7F,9.1
67.9,5229,85.7F,9.1
67.95,5226,85.7F,9.1
68.0,5225,85.7F,9.1
68.05,5223,85.7F,9.1
68.1,5216,85.7F,9.1
68.15,5211,85.6F,9.1
68.2,5210,85.7F,9.1
68.25,5207,85.7F,9.1
68.3,5203,85.7F,9.1
68.35,5201,85.6F,9.1
68.4,5194,85.6F,9.1
68.45,5189,85.7F,9.1
68.5,5186,85.7F,9.1
68.55,5185,85.6F,9.1
68.6,5181,85.6F,9.1
68.65,5178,85.6F,9.1
68.7,5178,85.6F,9.1
68.75,5172,85.6F,9.1
68.8,5170,85.6F,9.1
68.85,5164,85.6F,9.1
68.9,5163,85.6F,9.1
68.95,5159,85.6F,9.1
69.0,5157,85.6F,9.1
69.05,5155,85.6F,9.1
69.1,5148,85.6F,9.1
69.15,5146,85.6F,9.1
69.2,5142,85.6F,9.1
69.25,5138,85.6F,9.1
69.3,5134,85.6F,9.1
69.35,5129,85.6F,9.1
69.4,5126,85.6F,9.1
69.45,5123,85.6F,9.1
69.5,5120,85.6F,9.1
69.55,5116,85.6F,9.1
69.6,5114,85.6F,9.1
69.65,5112,85.6F,9.1
69.7,5110,85.6F,9.1
69.75,5106,85.6F,9.1
69.8,5103,85.6F,9.1
69.85,5098,85.6F,9.1
69.9,5096,85.6F,9.1
69.95,5088,85.6F,9.1
70.0,5085,85.6F,9.1
70.05,5080,85.6F,9.1
70.1,5079,85.6F,9.1
70.15,5074,85.6F,9.1
70.2,5070,85.6F,9.1
70.25,5067,85.6F,9.1
70.3,5065,85.6F,9.1
70.35,5061,85.6F,9.1
70.4,5059,85.6F,9.1
70.45,5057,85.6F,9.1
70.5,5057,85.6F,9.1
70.55,5054,85.6F,9.1
70.6,5051,85.6F,9.1
70.65,5048,85.6F,9.1
70.7,5043,85.6F,9.1
70.75,5038,85.6F,9.1
70.8,5034,85.6F,9.1
70.85,5030,85.6F,9.1
70.9,5028,85.6F,9.1
70.95,5024,85.6F,9.1
71.0,5020,85.6F,9.1
71.05,5015,85.6F,9.1
71.1,5013,85.6F,9.1
71.15,5010,85.6F,9.1
71.2,5008,85.6F,9.1
71.25,5008,85.6F,9.1
71.3,5006,85.6F,9.1
71.35,5004,85.6F,9.1
71.4,5003,85.6F,9.1
71.45,5001,85.6F,9.1
71.5,4994,85.6F,9.1
71.55,4989,85.6F,9.1
71.6,4986,85.6F,9.1
71.65,4983,85.6F,9.1
71.7,4980,85.6F,9.1
71.75,4977,85.5F,9.1
71.8,4972,85.6F,9.1
71.85,4969,85.5F,9.1
71.9,4968,85.5F,9.1
71.95,4963,85.5F,9.1
72.0,4958,85.5F,9.1
72.05,4954,85.5F,9.1
72.1,4950,85.5F,9.1
72.15,4948,85.5F,9.1
72.2,4944,85.5F,9.1
72.25,4940,85.5F,9.1
72.3,4940,85.5F,9.1
72.35,4944,85.5F,9.1
72.4,4941,85.5F,9.1
72.45,4940,85.5F,9.1
72.5,4944,85.5F,9.1
72.55,4940,85.5F,9.1
72.6,4936,85.5F,9.1
72.65,4929,85.5F,9.1
72.7,4921,85.5F,9.1
72.75,4912,85.5F,9.1
72.8,4910,85.5F,9.1
72.85,4904,85.5F,9.1
72.9,4903,85.5F,9.1
72.95,4895,85.5F,9.1
73.0,4891,85.5F,9.1
73.05,4886,85.5F,9.1
73.1,4886,85.5F,9.1
73.15,4882,85.5F,9.1
73.2,4880,85.5F,9.1
73.25,4877,85.5F,9.1
73.3,4876,85.5F,9.1
73.35,4872,85.5F,9.1
73.4,4868,85.5F,9.1
73.45,4866,85.5F,9.1
73.5,4860,85.5F,9.1
73.55,4857,85.5F,9.1
73.6,4858,85.5F,9.1
73.65,4854,85.5F,9.1
73.7,4852,85.5F,9.1
73.75,4848,85.4F,9.1
73.8,4841,85.4F,9.1
73.85,4836,85.4F,9.1
73.9,4831,85.4F,9.1
73.95,4827,85.4F,9.1
74.0,4826,85.4F,9.1
74.05,4821,85.4F,9.1
74.1,4817,85.4F,9.1
74.15,4813,85.4F,9.1
74.2,4810,85.4F,9.1
74.25,4808,85.4F,9.1
74.3,4806,85.4F,9.1
74.35,4803,85.4F,9.1
74.4,4802,85.4F,9.1
74.45,4796,85.4F,9.1
74.5,4792,85.4F,9.1
74.55,4790,85.4F,9.1
74.6,4787,85.4F,9.1
74.65,4786,85.4F,9.1
74.7,4786,85.4F,9.1
74.75,4782,85.4F,9.1
74.8,4778,85.4F,9.1
74.85,4776,85.4F,9.1
74.9,4770,85.4F,9.1
74.95,4763,85.4F,9.1
75.0,4759,85.4F,9.1
75.05,4754,85.4F,9.1
75.1,4751,85.4F,9.1
75.15,4747,85.4F,9.1
75.2,4745,85.4F,9.1
75.25,4741,85.4F,9.1
75.3,4739,85.4F,9.1
75.35,4737,85.4F,9.1
75.4,4733,85.4F,9.1
75.45,4731,85.4F,9.1
75.5,4729,85.4F,9.1
75.55,4728,85.4F,9.1
75.6,4727,85.4F,9.1
75.65,4729,85.4F,9.1
75.7,4726,85.4F,9.1
75.75,4726,85.4F,9.1
75.8,4719,85.4F,9.1
75.85,4712,85.4F,9.1
75.9,4706,85.4F,9.1
75.95,4701,85.4F,9.1
76.0,4696,85.4F,9.1
76.05,4691,85.4F,9.1
76.1,4687,85.4F,9.1
76.15,4684,85.4F,9.1
76.2,4680,85.4F,9.1
76.25,4677,85.4F,9.1
76.3,4673,85.4F,9.1
76.35,4672,85.4F,9.1
76.4,4669,85.4F,9.1
76.45,4667,85.4F,9.1
76.5,4666,85.4F,9.1
76.55,4665,85.4F,9.1
76.6,4661,85.4F,9.1
76.65,4657,85.4F,9.1
76.7,4650,85.4F,9.1
76.75,4643,85.4F,9.1
76.8,4639,85.4F,9.1
76.85,4637,85.4F,9.1
76.9,4632,85.4F,9.1
76.95,4630,85.4F,9.1
77.0,4626,85.4F,9.1
77.05,4622,85.4F,9.1
77.1,4619,85.3F,9.1
77.15,4617,85.4F,9.1
77.2,4616,85.3F,9.1
77.25,4612,85.3F,9.1
77.3,4611,85.3F,9.1
77.35,4607,85.3F,9.1
77.4,4604,85.3F,9.1
77.45,4603,85.3F,9.1
77.5,4600,85.3F,9.1
77.55,4597,85.3F,9.1
77.6,4595,85.3F,9.1
77.65,4589,85.3F,9.1
77.7,4585,85.3F,9.1
77.75,4581,85.3F,9.1
77.8,4577,85.3F,9.1
77.85,4571,85.3F,9.1
77.9,4568,85.3F,9.1
77.95,4563,85.3F,9.1
78.0,4558,85.3F,9.1
78.05,4554,85.3F,9.1
78.1,4551,85.3F,9.1
78.15,4549,85.3F,9.1
78.2,4544,85.3F,9.1
78.25,4544,85.3F,9.1
78.3,4542,85.3F,9.1
78.35,4543,85.3F,9.1
78.4,4538,85.3F,9.1
78.45,4533,85.3F,9.1
78.5,4529,85.3F,9.1
78.55,4526,85.3F,9.1
78.6,4522,85.3F,9.1
78.65,4517,85.3F,9.1
78.7,4510,85.3F,9.1
78.75,4506,85.3F,9.1
78.8,4502,85.3F,9.1
78.85,4499,85.3F,9.1
78.9,4495,85.3F,9.1
78.95,4493,85.3F,9.1
79.0,4490,85.3F,9.1
79.05,4488,85.3F,9.1
79.1,4484,85.3F,9.1
79.15,4480,85.3F,9.1
79.2,4478,85.3F,9.1
79.25,4474,85.3F,9.1
79.3,4471,85.3F,9.1
79.35,4468,85.3F,9.1
79.4,4463,85.3F,9.1
79.45,4461,85.3F,9.1
79.5,4458,85.2F,9.1
79.55,4454,85.3F,9.1
79.6,4451,85.3F,9.1
79.65,4445,85.3F,9.1
79.7,4443,85.2F,9.1
79.75,4439,85.3F,9.1
79.8,4435,85.2F,9.1
79.85,4433,85.2F,9.1
79.9,4429,85.2F,9.1
79.95,4427,85.2F,9.1
80.0,4424,85.2F,9.1
80.05,4424,85.2F,9.1
80.1,4422,85.2F,9.1
80.15,4417,85.2F,9.1
80.2,4416,85.2F,9.1
80.25,4408,85.2F,9.1
80.3,4404,85.2F,9.1
80.35,4400,85.2F,9.1
80.4,4395,85.2F,9.1
80.45,4393,85.2F,9.1
80.5,4390,85.2F,9.1
80.55,4386,85.2F,9.1
80.6,4384,85.2F,9.1
80.65,4380,85.2F,9.1
80.7,4378,85.2F,9.1
80.75,4373,85.2F,9.1
80.8,4369,85.2F,9.1
80.85,4366,85.2F,9.1
80.9,4361,85.2F,9.1
80.95,4359,85.2F,9.1
81.0,4354,85.2F,9.1
81.05,4351,85.2F,9.1
81.1,4349,85.2F,9.1
81.15,4345,85.2F,9.1
81.2,4341,85.2F,9.1
81.25,4339,85.2F,9.1
81.3,4333,85.2F,9.1
81.35,4330,85.2F,9.1
81.4,4327,85.2F,9.1
81.45,4322,85.2F,9.1
81.5,4319,85.2F,9.1
81.55,4316,85.2F,9.1
81.6,4311,85.2F,9.1
81.65,4308,85.2F,9.1
81.7,4305,85.2F,9.1
81.75,4301,85.2F,9.1
81.8,4298,85.2F,9.1
81.85,4297,85.2F,9.1
81.9,4294,85.2F,9.1
81.95,4290,85.2F,9.1
82.0,4286,85.2F,9.1
82.05,4281,85.2F,9.1
82.1,4277,85.2F,9.1
82.15,4272,85.2F,9.1
82.2,4269,85.2F,9.1
82.25,4264,85.2F,9.1
82.3,4263,85.2F,9.1
82.35,4259,85.2F,9.1
82.4,4256,85.2F,9.1
82.45,4251,85.2F,9.1
82.5,4248,85.2F,9.1
82.55,4243,85.2F,9.1
82.6,4240,85.2F,9.1
82.65,4238,85.2F,9.1
82.7,4234,85.2F,9.1
82.75,4233,85.2F,9.1
82.8,4232,85.2F,9.1
82.85,4228,85.2F,9.1
82.9,4222,85.2F,9.1
82.95,4218,85.2F,9.1
83.0,4215,85.2F,9.1
83.05,4211,85.2F,9.1
83.1,4206,85.1F,9.1
83.15,4203,85.1F,9.1
83.2,4203,85.1F,9.1
83.25,4199,85.1F,9.1
83.3,4194,85.1F,9.1
83.35,4192,85.1F,9.1
83.4,4187,85.1F,9.1
83.45,4183,85.1F,9.1
83.5,4180,85.1F,9.1
83.55,4176,85.1F,9.1
83.6,4175,85.1F,9.1
83.65,4174,85.1F,9.1
83.7,4171,85.1F,9.1
83.75,4166,85.1F,9.1
83.8,4163,85.1F,9.1
83.85,4159,85.1F,9.1
83.9,4156,85.1F,9.1
83.95,4153,85.1F,9.1
84.0,4151,85.1F,9.1
84.05,4147,85.1F,9.1
84.1,4143,85.1F,9.1
84.15,4142,85.1F,9.1
84.2,4138,85.1F,9.1
84.25,4132,85.1F,9.1
84.3,4129,85.1F,9.1
84.35,4124,85.1F,9.1
84.4,4119,85.1F,9.1
84.45,4115,85.1F,9.1
84.5,4112,85.1F,9.1
84.55,4109,85.1F,9.1
84.6,4107,85.1F,9.1
84.65,4103,85.1F,9.1
84.7,4099,85.1F,9.1
84.75,4095,85.1F,9.1
84.8,4093,85.1F,9.1
84.85,4090,85.1F,9.1
84.9,4086,85.1F,9.1
84.95,4081,85.1F,9.1
85.0,4080,85.1F,9.1
85.05,4077,85.1F,9.1
85.1,4074,85.1F,9.1
85.15,4069,85.1F,9.1
85.2,4063,85.1F,9.1
85.25,4063,85.0F,9.1
85.3,4063,85.1F,9.1
85.35,4063,85.0F,9.1
85.4,4061,85.1F,9.1
85.45,4058,85.0F,9.1
85.5,4055,85.1F,9.1
85.55,4058,85.0F,9.1
85.6,4050,85.0F,9.1
85.65,4043,85.0F,9.1
85.7,4035,85.0F,9.1
85.75,4029,85.0F,9.1
85.8,4023,85.0F,9.1
85.85,4021,85.0F,9.1
85.9,4017,85.0F,9.1
85.95,4013,85.0F,9.1
86.0,4011,85.0F,9.1
86.05,4007,85.0F,9.1
86.1,4004,85.0F,9.1
86.15,4001,85.0F,9.1
86.2,3999,85.0F,9.1
86.25,3997,85.0F,9.1
86.3,3996,85.0F,9.1
86.35,3994,85.0F,9.1
86.4,3996,85.0F,9.1
86.45,3997,85.0F,9.1
86.5,3995,85.0F,9.1
86.55,3991,85.0F,9.1
86.6,3980,85.0F,9.1
86.65,3969,85.0F,9.1
86.7,3963,85.0F,9.1
86.75,3955,85.0F,9.1
86.8,3951,85.0F,9.1
86.85,3947,85.0F,9.1
86.9,3944,85.0F,9.1
86.95,3942,85.0F,9.1
87.0,3939,85.0F,9.1
87.05,3939,85.0F,9.1
87.1,3936,85.0F,9.1
87.15,3935,85.0F,9.1
87.2,3932,85.0F,9.1
87.25,3927,85.0F,9.1
87.3,3920,85.0F,9.1
87.35,3917,85.0F,9.1
87.4,3911,85.0F,9.1
87.45,3906,85.0F,9.1
87.5,3901,85.0F,9.1
87.55,3897,85.0F,9.1
87.6,3894,85.0F,9.1
87.65,3890,85.0F,9.1
87.7,3887,85.0F,9.1
87.75,3883,85.0F,9.1
87.8,3879,85.0F,9.1
87.85,3878,85.0F,9.1
87.9,3872,85.0F,9.1
87.95,3872,85.0F,9.1
88.0,3870,85.0F,9.1
88.05,3866,85.0F,9.1
88.1,3864,85.0F,9.1
88.15,3859,85.0F,9.1
88.2,3855,85.0F,9.1
88.25,3852,85.0F,9.1
88.3,3847,85.0F,9.1
88.35,3843,85.0F,9.1
88.4,3840,85.0F,9.1
88.45,3837,85.0F,9.1
88.5,3833,85.0F,9.1
88.55,3831,85.0F,9.1
88.6,3828,85.0F,9.1
88.65,3823,84.9F,9.1
88.7,3821,84.9F,9.1
88.75,3818,84.9F,9.1
88.8,3815,84.9F,9.1
88.85,3815,84.9F,9.1
88.9,3814,84.9F,9.1
88.95,3812,84.9F,9.1
89.0,3810,84.9F,9.1
89.05,3804,84.9F,9.1
89.1,3801,84.9F,9.1
89.15,3797,84.9F,9.1
89.2,3794,84.9F,9.1
89.25,3790,84.9F,9.1
89.3,3781,84.9F,9.1
89.35,3774,84.9F,9.1
89.4,3770,84.9F,9.1
89.45,3766,84.9F,9.1
89.5,3764,84.9F,9.1
89.55,3760,84.9F,9.1
89.6,3756,84.9F,9.1
89.65,3751,84.9F,9.1
89.7,3751,84.9F,9.1
89.75,3751,84.9F,9.1
89.8,3753,84.9F,9.1
89.85,3749,84.9F,9.1
89.9,3748,84.9F,9.1
89.95,3747,84.9F,9.1
90.0,3742,84.9F,9.1
90.05,3735,84.9F,9.1
90.1,3729,84.9F,9.1
90.15,3723,84.9F,9.1
90.2,3717,84.9F,9.1
90.25,3710,84.9F,9.1
90.3,3706,84.8F,9.1
90.35,3703,84.8F,9.1
90.4,3698,84.9F,9.1
90.45,3695,84.8F,9.1
90.5,3693,84.8F,9.1
90.55,3693,84.8F,9.1
90.6,3695,84.8F,9.1
90.65,3698,84.8F,9.1
90.7,3693,84.8F,9.1
90.75,3691,84.8F,9.1
90.8,3690,84.8F,9.1
90.85,3689,84.8F,9.1
90.9,3680,84.8F,9.1
90.95,3671,84.8F,9.1
91.0,3665,84.8F,9.1
91.05,3659,84.8F,9.1
91.1,3651,84.8F,9.1
91.15,3647,84.8F,9.1
91.2,3643,84.8F,9.1
91.25,3639,84.8F,9.1
91.3,3635,84.8F,9.1
91.35,3632,84.8F,9.1
91.4,3631,84.8F,9.1
91.45,3630,84.8F,9.1
91.5,3630,84.8F,9.1
91.55,3629,84.8F,9.1
91.6,3629,84.8F,9.1
91.65,3625,84.8F,9.1
91.7,3619,84.8F,9.1
91.75,3614,84.8F,9.1
91.8,3607,84.8F,9.1
91.85,3604,84.7F,9.1
91.9,3599,84.8F,9.1
91.95,3593,84.8F,9.1
92.0,3593,84.8F,9.1
92.05,3588,84.8F,9.1
92.1,3584,84.8F,9.1
92.15,3582,84.8F,9.1
92.2,3577,84.8F,9.1
92.25,3573,84.8F,9.1
92.3,3570,84.7F,9.1
92.35,3566,84.8F,9.1
92.4,3564,84.8F,9.1
92.45,3562,84.8F,9.1
92.5,3558,84.8F,9.1
92.55,3556,84.8F,9.1
92.6,3554,84.7F,9.1
92.65,3552,84.7F,9.1
92.7,3548,84.7F,9.1
92.75,3548,84.7F,9.1
92.8,3547,84.7F,9.1
92.85,3544,84.7F,9.1
92.9,3540,84.7F,9.1
92.95,3537,84.7F,9.1
93.0,3531,84.7F,9.1
93.05,3524,84.7F,9.1
93.1,3519,84.7F,9.1
93.15,3517,84.7F,9.1
93.2,3513,84.7F,9.1
93.25,3513,84.7F,9.1
93.3,3513,84.7F,9.1
93.35,3510,84.7F,9.1
93.4,3507,84.7F,9.1
93.45,3503,84.7F,9.1
93.5,3499,84.7F,9.1
93.55,3499,84.7F,9.1
93.6,3492,84.7F,9.1
93.65,3491,84.7F,9.1
93.7,3494,84.7F,9.1
93.75,3485,84.7F,9.1
93.8,3482,84.7F,9.1
93.85,3477,84.7F,9.1
93.9,3473,84.7F,9.1
93.95,3467,84.7F,9.1
94.0,3463,84.7F,9.1
94.05,3460,84.7F,9.1
94.1,3459,84.7F,9.1
94.15,3458,84.7F,9.1
94.2,3456,84.7F,9.1
94.25,3452,84.7F,9.1
94.3,3449,84.7F,9.1
94.35,3448,84.7F,9.1
94.4,3444,84.7F,9.1
94.45,3446,84.7F,9.1
94.5,3441,84.7F,9.1
94.55,3438,84.7F,9.1
94.6,3440,84.7F,9.1
94.65,3435,84.7F,9.1
94.7,3424,84.7F,9.1
94.75,3422,84.7F,9.1
94.8,3419,84.7F,9.1
94.85,3415,84.7F,9.1
94.9,3408,84.7F,9.1
94.95,3405,84.7F,9.1
95.0,3397,84.7F,9.1
95.05,3393,84.7F,9.1
95.1,3390,84.7F,9.1
95.15,3385,84.7F,9.1
95.2,3384,84.7F,9.1
95.25,3381,84.6F,9.1
95.3,3379,84.6F,9.1
95.35,3378,84.6F,9.1
95.4,3373,84.6F,9.1
95.45,3368,84.6F,9.1
95.5,3365,84.6F,9.1
95.55,3363,84.6F,9.1
95.6,3360,84.6F,9.1
95.65,3357,84.6F,9.1
95.7,3353,84.6F,9.1
95.75,3349,84.6F,9.1
95.8,3345,84.6F,9.1
95.85,3341,84.6F,9.1
95.9,3337,84.6F,9.1
95.95,3334,84.6F,9.1
96.0,3330,84.6F,9.1
96.05,3328,84.6F,9.1
96.1,3327,84.6F,9.1
96.15,3325,84.6F,9.1
96.2,3326,84.6F,9.1
96.25,3323,84.6F,9.1
96.3,3321,84.6F,9.1
96.35,3319,84.6F,9.1
96.4,3316,84.6F,9.1
96.45,3317,84.6F,9.1
96.5,3312,84.6F,9.1
96.55,3308,84.6F,9.1
96.6,3305,84.6F,9.1
96.65,3298,84.6F,9.1
96.7,3291,84.6F,9.1
96.75,3289,84.6F,9.1
96.8,3285,84.6F,9.1
96.85,3281,84.6F,9.1
96.9,3275,84.6F,9.1
96.95,3272,84.6F,9.1
97.0,3268,84.6F,9.1
97.05,3263,84.6F,9.1
97.1,3260,84.6F,9.1
97.15,3258,84.6F,9.1
97.2,3255,84.6F,9.1
97.25,3255,84.6F,9.1
97.3,3250,84.6F,9.1
97.35,3249,84.6F,9.1
97.4,3245,84.6F,9.1
97.45,3242,84.6F,9.1
97.5,3240,84.6F,9.1
97.55,3238,84.6F,9.1
97.6,3232,84.6F,9.1
97.65,3229,84.6F,9.1
97.7,3225,84.5F,9.1
97.75,3219,84.6F,9.1
97.8,3217,84.5F,9.1
97.85,3213,84.5F,9.1
97.9,3210,84.5F,9.1
97.95,3208,84.5F,9.1
98.0,3205,84.5F,9.1
98.05,3202,84.5F,9.1
98.1,3200,84.5F,9.1
98.15,3199,84.5F,9.1
98.2,3198,84.5F,9.1
98.25,3195,84.5F,9.1
98.3,3194,84.5F,9.1
98.35,3191,84.5F,9.1
98.4,3184,84.5F,9.1
98.45,3179,84.5F,9.1
98.5,3176,84.5F,9.1
98.55,3171,84.5F,9.1
98.6,3167,84.5F,9.1
98.65,3163,84.5F,9.1
98.7,3160,84.5F,9.1
98.75,3159,84.5F,9.1
98.8,3156,84.5F,9.1
98.85,3153,84.5F,9.1
98.9,3150,84.5F,9.1
98.95,3147,84.5F,9.1
99.0,3144,84.5F,9.1
99.05,3142,84.5F,9.1
99.1,3140,84.5F,9.1
99.15,3135,84.5F,9.1
99.2,3133,84.5F,9.1
99.25,3130,84.5F,9.1
99.3,3126,84.5F,9.1
99.35,3120,84.5F,9.1
99.4,3117,84.5F,9.1
99.45,3113,84.5F,9.1
99.5,3110,84.5F,9.1
99.55,3106,84.5F,9.1
99.6,3104,84.5F,9.1
99.65,3103,84.5F,9.1
99.7,3100,84.5F,9.1
99.75,3097,84.5F,9.1
99.8,3096,84.5F,9.1
99.85,3094,84.4F,9.1
99.9,3094,84.4F,9.1
99.95,3093,84.4F,9.1
100.0,3090,84.5F,9.1
100.05,3088,84.4F,9.1
100.1,3088,84.4F,9.1
100.15,3087,84.4F,9.1
100.2,3080,84.4F,9.1
100.25,3073,84.4F,9.1
100.3,3069,84.4F,9.1
100.35,3066,84.4F,9.1
100.4,3062,84.4F,9.1
100.45,3056,84.4F,9.1
100.5,3053,84.4F,9.1
100.55,3050,84.4F,9.1
100.6,3048,84.4F,9.1
100.65,3046,84.4F,9.1
100.7,3044,84.4F,9.1
100.75,3042,84.4F,9.1
100.8,3040,84.4F,9.1
100.85,3039,84.4F,9.1
100.9,3043,84.4F,9.1
100.95,3041,84.4F,9.1
101.0,3038,84.4F,9.1
101.05,3032,84.4F,9.1
101.1,3026,84.4F,9.1
101.15,3018,84.4F,9.1
101.2,3007,84.4F,9.1
101.25,3002,84.4F,9.1
101.3,3001,84.4F,9.1
101.35,2995,84.4F,9.1
101.4,2992,84.4F,9.1
101.45,2992,84.4F,9.1
101.5,2989,84.4F,9.1
101.55,2987,84.4F,9.1
101.6,2988,84.4F,9.1
101.65,2985,84.4F,9.1
101.7,2983,84.4F,9.1
101.75,2982,84.4F,9.1
101.8,2976,84.4F,9.1
101.85,2972,84.4F,9.1
101.9,2968,84.4F,9.1
101.95,2965,84.3F,9.1
102.0,2964,84.3F,9.1
102.05,2957,84.3F,9.1
102.1,2955,84.4F,9.1
102.15,2949,84.4F,9.1
102.2,2945,84.3F,9.1
102.25,2941,84.4F,9.1
102.3,2938,84.3F,9.1
102.35,2932,84.3F,9.1
102.4,2930,84.3F,9.1
102.45,2928,84.3F,9.1
102.5,2925,84.3F,9.1
102.55,2923,84.3F,9.1
102.6,2919,84.3F,9.1
102.65,2916,84.3F,9.1
102.7,2912,84.3F,9.1
102.75,2906,84.3F,9.1
102.8,2903,84.3F,9.1
102.85,2899,84.3F,9.1
102.9,2897,84.3F,9.1
102.95,2895,84.3F,9.1
103.0,2890,84.3F,9.1
103.05,2888,84.3F,9.1
103.1,2885,84.3F,9.1
103.15,2881,84.3F,9.1
103.2,2879,84.3F,9.1
103.25,2876,84.3F,9.1
103.3,2872,84.3F,9.1
103.35,2870,84.3F,9.1
103.4,2867,84.3F,9.1
103.45,2863,84.3F,9.1
103.5,2863,84.3F,9.1
103.55,2861,84.3F,9.1
103.6,2858,84.3F,9.1
103.65,2857,84.3F,9.1
103.7,2851,84.3F,9.1
103.75,2843,84.3F,9.1
103.8,2840,84.3F,9.1
103.85,2836,84.3F,9.1
103.9,2833,84.3F,9.1
103.95,2829,84.3F,9.1
104.0,2827,84.3F,9.1
104.05,2822,84.3F,9.1
104.1,2820,84.2F,9.1
104.15,2816,84.3F,9.1
104.2,2815,84.2F,9.1
104.25,2811,84.3F,9.1
104.3,2812,84.2F,9.1
104.35,2809,84.2F,9.1
104.4,2804,84.2F,9.1
104.45,2803,84.2F,9.1
104.5,2801,84.2F,9.1
104.55,2794,84.2F,9.1
104.6,2789,84.2F,9.1
104.65,2785,84.2F,9.1
104.7,2780,84.2F,9.1
104.75,2775,84.2F,9.1
104.8,2772,84.2F,9.1
104.85,2768,84.2F,9.1
104.9,2765,84.2F,9.1
104.95,2762,84.2F,9.1
105.0,2759,84.2F,9.1
105.05,2756,84.2F,9.1
105.1,2751,84.2F,9.1
105.15,2749,84.2F,9.1
105.2,2746,84.2F,9.1
105.25,2743,84.2F,9.1
105.3,2739,84.2F,9.1
105.35,2738,84.2F,9.1
105.4,2734,84.2F,9.1
105.45,2730,84.2F,9.1
105.5,2728,84.2F,9.1
105.55,2726,84.2F,9.1
105.6,2721,84.2F,9.1
105.65,2718,84.2F,9.1
105.7,2713,84.2F,9.1
105.75,2710,84.2F,9.1
105.8,2708,84.2F,9.1
105.85,2704,84.2F,9.1
105.9,2700,84.2F,9.1
105.95,2698,84.2F,9.1
106.0,2695,84.2F,9.1
106.05,2692,84.2F,9.1
106.1,2688,84.2F,9.1
106.15,2684,84.2F,9.1
106.2,2680,84.2F,9.1
106.25,2680,84.2F,9.1
106.3,2676,84.2F,9.1
106.35,2673,84.2F,9.1
106.4,2670,84.2F,9.1
106.45,2666,84.2F,9.1
106.5,2663,84.2F,9.1
106.55,2659,84.2F,9.1
106.6,2655,84.1F,9.1
106.65,2653,84.2F,9.1
106.7,2650,84.1F,9.1
106.75,2647,84.2F,9.1
106.8,2642,84.2F,9.1
106.85,2640,84.1F,9.1
106.9,2637,84.2F,9.1
106.95,2632,84.1F,9.1
107.0,2629,84.2F,9.1
107.05,2627,84.1F,9.1
107.1,2621,84.1F,9.1
107.15,2619,84.1F,9.1
107.2,2616,84.1F,9.1
107.25,2613,84.1F,9.1
107.3,2609,84.1F,9.1
107.35,2607,84.1F,9.1
107.4,2603,84.1F,9.1
107.45,2601,84.1F,9.1
107.5,2598,84.1F,9.1
107.55,2596,84.1F,9.1
107.6,2594,84.1F,9.1
107.65,2593,84.1F,9.1
107.7,2590,84.1F,9.1
107.75,2586,84.1F,9.1
107.8,2583,84.1F,9.1
107.85,2581,84.1F,9.1
107.9,2578,84.1F,9.1
107.95,2574,84.1F,9.1
108.0,2571,84.1F,9.1
108.05,2568,84.1F,9.1
108.1,2563,84.1F,9.1
108.15,2560,84.1F,9.1
108.2,2555,84.1F,9.1
108.25,2553,84.1F,9.1
108.3,2550,84.1F,9.1
108.35,2548,84.1F,9.1
108.4,2545,84.1F,9.1
108.45,2541,84.1F,9.1
108.5,2537,84.1F,9.1
108.55,2535,84.1F,9.1
108.6,2530,84.1F,9.1
108.65,2527,84.1F,9.1
108.7,2526,84.1F,9.1
108.75,2521,84.1F,9.1
108.8,2519,84.1F,9.1
108.85,2517,84.1F,9.1
108.9,2513,84.1F,9.1
108.95,2509,84.1F,9.1
109.0,2507,84.1F,9.1
109.05,2504,84.1F,9.1
109.1,2500,84.1F,9.1
109.15,2496,84.1F,9.1
109.2,2493,84.1F,9.1
109.25,2489,84.1F,9.1
109.3,2486,84.1F,9.1
109.35,2484,84.1F,9.1
109.4,2481,84.1F,9.1
109.45,2478,84.1F,9.1
109.5,2476,84.1F,9.1
109.55,2475,84.1F,9.1
109.6,2473,84.1F,9.1
109.65,2472,84.1F,9.1
109.7,2468,84.1F,9.1
109.75,2465,84.1F,9.1
109.8,2466,84.0F,9.1
109.85,2461,84.0F,9.1
109.9,2459,84.0F,9.1
109.95,2456,84.0F,9.1
110.0,2452,84.0F,9.1
110.05,2449,84.0F,9.1
110.1,2445,84.0F,9.1
110.15,2440,84.0F,9.1
110.2,2438,84.0F,9.1
110.25,2433,84.0F,9.1
110.3,2428,84.0F,9.1
110.35,2424,84.0F,9.1
110.4,2421,84.0F,9.1
110.45,2420,84.0F,9.1
110.5,2415,84.0F,9.1
110.55,2412,84.0F,9.1
110.6,2408,84.0F,9.1
110.65,2404,84.0F,9.1
110.7,2401,84.0F,9.1
110.75,2399,84.0F,9.1
110.8,2397,84.0F,9.1
110.85,2394,84.0F,9.1
110.9,2391,84.0F,9.1
110.95,2388,84.0F,9.1
111.0,2387,84.0F,9.1
111.05,2385,84.0F,9.1
111.1,2379,84.0F,9.1
111.15,2375,84.0F,9.1
111.2,2373,84.0F,9.1
111.25,2370,84.0F,9.1
111.3,2366,84.0F,9.1
111.35,2362,84.0F,9.1
111.4,2358,84.0F,9.1
111.45,2355,84.0F,9.1
111.5,2352,84.0F,9.1
111.55,2349,84.0F,9.1
111.6,2347,84.0F,9.1
111.65,2344,84.0F,9.1
111.7,2341,84.0F,9.1
111.75,2338,84.0F,9.1
111.8,2335,83.9F,9.1
111.85,2333,83.9F,9.1
111.9,2329,83.9F,9.1
111.95,2323,83.9F,9.1
112.0,2323,83.9F,9.1
112.05,2319,83.9F,9.1
112.1,2314,83.9F,9.1
112.15,2309,83.9F,9.1
112.2,2306,83.9F,9.1
112.25,2303,83.9F,9.1
112.3,2300,83.9F,9.1
112.35,2298,83.9F,9.1
112.4,2297,83.9F,9.1
112.45,2295,83.9F,9.1
112.5,2291,83.9F,9.1
112.55,2289,83.9F,9.1
112.6,2284,83.9F,9.1
112.65,2282,83.9F,9.1
112.7,2280,83.9F,9.1
112.75,2274,83.9F,9.1
112.8,2267,83.9F,9.1
112.85,2265,83.9F,9.1
112.9,2263,83.9F,9.1
112.95,2258,83.9F,9.1
113.0,2255,83.9F,9.1
113.05,2254,83.8F,9.1
113.1,2254,83.8F,9.1
113.15,2254,83.8F,9.1
113.2,2254,83.8F,9.1
113.25,2253,83.8F,9.1
113.3,2250,83.8F,9.1
113.35,2248,83.8F,9.1
113.4,2242,83.8F,9.1
113.45,2242,83.8F,9.1
113.5,2239,83.8F,9.1
113.55,2234,83.8F,9.1
113.6,2232,83.8F,9.1
113.65,2227,83.8F,9.1
113.7,2222,83.8F,9.1
113.75,2221,83.7F,9.1
113.8,2216,83.7F,9.1
113.85,2214,83.8F,9.1
113.9,2211,83.8F,9.1
113.95,2204,83.8F,9.1
114.0,2205,83.7F,9.1
114.05,2204,83.8F,9.1
114.1,2200,83.8F,9.1
114.15,2199,83.7F,9.1
114.2,2196,83.7F,9.1
114.25,2194,83.8F,9.1
114.3,2185,83.8F,9.1
114.35,2182,83.8F,9.1
114.4,2178,83.7F,9.1
114.45,2173,83.8F,9.1
114.5,2167,83.8F,9.1
114.55,2163,83.7F,9.1
114.6,2159,83.8F,9.1
114.65,2154,83.8F,9.1
114.7,2151,83.8F,9.1
114.75,2148,83.7F,9.1
114.8,2147,83.7F,9.1
114.85,2145,83.8F,9.1
114.9,2141,83.7F,9.1
114.95,2138,83.7F,9.1
115.0,2135,83.7F,9.1
115.05,2132,83.7F,9.1
115.1,2130,83.7F,9.1
115.15,2125,83.7F,9.1
115.2,2123,83.7F,9.1
115.25,2119,83.7F,9.1
115.3,2114,83.7F,9.1
115.35,2111,83.7F,9.1
115.4,2110,83.7F,9.1
115.45,2106,83.7F,9.1
115.5,2102,83.7F,9.1
115.55,2095,83.7F,9.1
115.6,2092,83.7F,9.1
115.65,2088,83.7F,9.1
115.7,2084,83.7F,9.1
115.75,2079,83.7F,9.1
115.8,2078,83.7F,9.1
115.85,2075,83.7F,9.1
115.9,2075,83.7F,9.1
115.95,2073,83.7F,9.1
116.0,2071,83.7F,9.1
116.05,2068,83.7F,9.1
116.1,2064,83.7F,9.1
116.15,2062,83.7F,9.1
116.2,2060,83.7F,9.1
116.25,2055,83.7F,9.1
116.3,2050,83.7F,9.1
116.35,2047,83.7F,9.1
116.4,2045,83.7F,9.1
116.45,2041,83.7F,9.1
116.5,2038,83.7F,9.1
116.55,2034,83.7F,9.1
116.6,2032,83.7F,9.1
116.65,2028,83.7F,9.1
116.7,2024,83.7F,9.1
116.75,2023,83.7F,9.1
116.8,2020,83.7F,9.1
116.85,2018,83.7F,9.1
116.9,2014,83.7F,9.1
116.95,2013,83.7F,9.1
117.0,2009,83.7F,9.1
117.05,2007,83.7F,9.1
117.1,2009,83.7F,9.1
117.15,2007,83.7F,9.1
117.2,2005,83.6F,9.1
117.25,2000,83.7F,9.1
117.3,1999,83.6F,9.1
117.35,1999,83.6F,9.1
117.4,1996,83.6F,9.1
117.45,1992,83.7F,9.1
117.5,1987,83.6F,9.1
117.55,1988,83.6F,9.1
117.6,1980,83.6F,9.1
117.65,1977,83.6F,9.1
117.7,1973,83.6F,9.1
117.75,1971,83.6F,9.1
117.8,1966,83.6F,9.1
117.85,1965,83.6F,9.1
117.9,1962,83.6F,9.1
117.95,1960,83.6F,9.1
118.0,1958,83.6F,9.1
118.05,1954,83.6F,9.1
118.1,1953,83.6F,9.1
118.15,1953,83.6F,9.1
118.2,1948,83.6F,9.1
118.25,1944,83.6F,9.1
118.3,1938,83.6F,9.1
118.35,1937,83.6F,9.1
118.4,1945,83.6F,9.1
118.45,1941,83.6F,9.1
118.5,1935,83.6F,9.1
118.55,1931,83.5F,9.1
118.6,1924,83.5F,9.1
118.65,1922,83.5F,9.1
118.7,1915,83.5F,9.1
118.75,1913,83.5F,9.1
118.8,1910,83.5F,9.1
118.85,1901,83.5F,9.1
118.9,1891,83.5F,9.1
118.95,1887,83.5F,9.1
119.0,1885,83.5F,9.1
119.05,1877,83.5F,9.1
119.1,1875,83.5F,9.1
119.15,1872,83.5F,9.1
119.2,1870,83.5F,9.1
119.25,1867,83.5F,9.1
119.3,1864,83.5F,9.1
119.35,1860,83.5F,9.1
119.4,1854,83.5F,9.1
119.45,1851,83.5F,9.1
119.5,1847,83.5F,9.1
119.55,1843,83.5F,9.1
119.6,1839,83.5F,9.1
119.65,1834,83.5F,9.1
119.7,1831,83.5F,9.1
119.75,1828,83.5F,9.1
119.8,1825,83.5F,9.1
119.85,1822,83.5F,9.1
119.9,1820,83.5F,9.1
119.95,1819,83.5F,9.1
120.0,1815,83.5F,9.1
120.05,1812,83.5F,9.1
120.1,1809,83.5F,9.1
120.15,1807,83.5F,9.1
120.2,1803,83.5F,9.1
120.25,1799,83.5F,9.1
120.3,1795,83.5F,9.1
120.35,1791,83.5F,9.1
120.4,1785,83.5F,9.1
120.45,1782,83.5F,9.1
120.5,1779,83.5F,9.1
120.55,1775,83.4F,9.1
120.6,1771,83.5F,9.1
120.65,1768,83.5F,9.1
120.7,1765,83.5F,9.1
120.75,1764,83.5F,9.1
120.8,1762,83.5F,9.1
120.85,1758,83.5F,9.1
120.9,1756,83.4F,9.1
120.95,1753,83.4F,9.1
121.0,1749,83.4F,9.1
121.05,1747,83.4F,9.1
121.1,1743,83.4F,9.1
121.15,1739,83.4F,9.1
121.2,1735,83.4F,9.1
121.25,1730,83.4F,9.1
121.3,1727,83.4F,9.1
121.35,1724,83.4F,9.1
121.4,1719,83.4F,9.1
121.45,1717,83.4F,9.1
121.5,1713,83.4F,9.1
121.55,1710,83.4F,9.1
121.6,1708,83.4F,9.1
121.65,1705,83.4F,9.1
121.7,1702,83.4F,9.1
121.75,1701,83.4F,9.1
121.8,1698,83.4F,9.1
121.85,1696,83.4F,9.1
121.9,1693,83.4F,9.1
121.95,1690,83.4F,9.1
122.0,1686,83.4F,9.1
122.05,1683,83.4F,9.1
122.1,1679,83.4F,9.1
122.15,1674,83.4F,9.1
122.2,1670,83.4F,9.1
122.25,1665,83.4F,9.1
122.3,1661,83.4F,9.1
122.35,1658,83.4F,9.1
122.4,1655,83.4F,9.1
122.45,1651,83.4F,9.1
122.5,1650,83.4F,9.1
122.55,1647,83.4F,9.1
122.6,1645,83.4F,9.1
122.65,1641,83.4F,9.1
122.7,1639,83.4F,9.1
122.75,1636,83.4F,9.1
122.8,1634,83.4F,9.1
122.85,1632,83.4F,9.1
122.9,1627,83.4F,9.1
122.95,1622,83.4F,9.1
123.0,1619,83.4F,9.1
123.05,1615,83.4F,9.1
123.1,1611,83.4F,9.1
123.15,1607,83.4F,9.1
123.2,1603,83.4F,9.1
123.25,1598,83.4F,9.1
123.3,1594,83.4F,9.1
123.35,1590,83.4F,9.1
123.4,1589,83.4F,9.1
123.45,1589,83.4F,9.1
123.5,1587,83.4F,9.1
123.55,1587,83.4F,9.1
123.6,1585,83.4F,9.1
123.65,1587,83.3F,9.1
123.7,1580,83.3F,9.1
123.75,1575,83.3F,9.1
123.8,1568,83.3F,9.1
123.85,1563,83.3F,9.1
123.9,1556,83.3F,9.1
123.95,1552,83.3F,9.1
124.0,1547,83.3F,9.1
124.05,1543,83.3F,9.1
124.1,1541,83.3F,9.1
124.15,1539,83.3F,9.1
124.2,1536,83.3F,9.1
124.25,1535,83.3F,9.1
124.3,1533,83.3F,9.1
124.35,1529,83.3F,9.1
124.4,1524,83.3F,9.1
124.45,1519,83.3F,9.1
124.5,1514,83.3F,9.1
124.55,1511,83.3F,9.1
124.6,1507,83.3F,9.1
124.65,1504,83.3F,9.1
124.7,1502,83.3F,9.1
124.75,1499,83.3F,9.1
124.8,1494,83.3F,9.1
124.85,1492,83.3F,9.1
124.9,1489,83.3F,9.1
124.95,1486,83.2F,9.1
125.0,1483,83.2F,9.1
125.05,1482,83.2F,9.1
125.1,1479,83.2F,9.1
125.15,1479,83.2F,9.1
125.2,1477,83.2F,9.1
125.25,1472,83.2F,9.1
125.3,1468,83.2F,9.1
125.35,1467,83.2F,9.1
125.4,1462,83.2F,9.1
125.45,1460,83.2F,9.1
125.5,1454,83.2F,9.1
125.55,1449,83.2F,9.1
125.6,1444,83.2F,9.1
125.65,1440,83.2F,9.1
125.7,1435,83.2F,9.1
125.75,1432,83.2F,9.1
125.8,1430,83.2F,9.1
125.85,1426,83.2F,9.1
125.9,1425,83.2F,9.1
125.95,1421,83.2F,9.1
126.0,1419,83.2F,9.1
126.05,1416,83.2F,9.1
126.1,1413,83.2F,9.1
126.15,1411,83.2F,9.1
126.2,1411,83.2F,9.1
126.25,1408,83.2F,9.1
126.3,1407,83.2F,9.1
126.35,1406,83.2F,9.1
126.4,1401,83.2F,9.1
126.45,1398,83.2F,9.1
126.5,1395,83.2F,9.1
126.55,1391,83.2F,9.1
126.6,1387,83.2F,9.1
126.65,1382,83.2F,9.1
126.7,1378,83.2F,9.1
126.75,1375,83.2F,9.1
126.8,1372,83.2F,9.1
126.85,1367,83.2F,9.1
126.9,1364,83.2F,9.1
126.95,1363,83.2F,9.1
127.0,1366,83.2F,9.1
127.05,1365,83.2F,9.1
127.1,1365,83.2F,9.1
127.15,1362,83.2F,9.1
127.2,1361,83.2F,9.1
127.25,1358,83.2F,9.1
127.3,1349,83.2F,9.1
127.35,1343,83.2F,9.1
127.4,1339,83.2F,9.1
127.45,1333,83.2F,9.1
127.5,1330,83.2F,9.1
127.55,1329,83.1F,9.1
127.6,1322,83.2F,9.1
127.65,1321,83.1F,9.1
127.7,1316,83.2F,9.1
127.75,1314,83.1F,9.1
127.8,1312,83.1F,9.1
127.85,1311,83.1F,9.1
127.9,1308,83.1F,9.1
127.95,1305,83.1F,9.1
128.0,1305,83.1F,9.1
128.05,1302,83.1F,9.1
128.1,1297,83.1F,9.1
128.15,1294,83.1F,9.1
128.2,1292,83.1F,9.1
128.25,1288,83.1F,9.1
128.3,1284,83.1F,9.1
128.35,1280,83.1F,9.1
128.4,1278,83.1F,9.1
128.45,1274,83.1F,9.1
128.5,1270,83.1F,9.1
128.55,1264,83.1F,9.1
128.6,1260,83.1F,9.1
128.65,1255,83.1F,9.1
128.7,1252,83.1F,9.1
128.75,1249,83.1F,9.1
128.8,1248,83.1F,9.1
128.85,1246,83.1F,9.1
128.9,1242,83.1F,9.1
128.95,1241,83.1F,9.1
129.0,1237,83.1F,9.1
129.05,1233,83.1F,9.1
129.1,1230,83.1F,9.1
129.15,1228,83.1F,9.1
129.2,1223,83.1F,9.1
129.25,1221,83.1F,9.1
129.3,1219,83.1F,9.1
129.35,1215,83.1F,9.1
129.4,1213,83.1F,9.1
129.45,1211,83.1F,9.1
129.5,1208,83.1F,9.1
129.55,1205,83.1F,9.1
129.6,1204,83.0F,9.1
129.65,1201,83.1F,9.1
129.7,1198,83.1F,9.1
129.75,1195,83.0F,9.1
129.8,1192,83.1F,9.1
129.85,1189,83.0F,9.1
129.9,1186,83.1F,9.1
129.95,1182,83.0F,9.1
130.0,1181,83.0F,9.1
130.05,1177,83.0F,9.1
130.1,1174,83.0F,9.1
130.15,1171,83.0F,9.1
130.2,1170,83.0F,9.1
130.25,1167,83.0F,9.1
130.3,1166,83.0F,9.1
130.35,1166,83.0F,9.1
130.4,1163,83.0F,9.1
130.45,1162,83.0F,9.1
130.5,1157,83.0F,9.1
130.55,1157,83.0F,9.1
130.6,1157,83.0F,9.1
130.65,1148,83.0F,9.1
130.7,1145,83.0F,9.1
130.75,1139,83.0F,9.1
130.8,1135,83.0F,9.1
130.85,1132,83.0F,9.1
130.9,1126,83.0F,9.1
130.95,1123,83.0F,9.1
131.0,1120,83.0F,9.1
131.05,1117,83.0F,9.1
131.1,1114,83.0F,9.1
131.15,1110,83.0F,9.1
131.2,1109,83.0F,9.1
131.25,1105,83.0F,9.1
131.3,1102,83.0F,9.1
131.35,1100,83.0F,9.1
131.4,1097,83.0F,9.1
131.45,1096,83.0F,9.1
131.5,1093,83.0F,9.1
131.55,1089,83.0F,9.1
131.6,1087,83.0F,9.1
131.65,1083,82.9F,9.1
131.7,1081,82.9F,9.1
131.75,1076,83.0F,9.1
131.8,1072,82.9F,9.1
131.85,1068,82.9F,9.1
131.9,1063,82.9F,9.1
131.95,1060,82.9F,9.1
132.0,1056,82.9F,9.1
132.05,1054,82.9F,9.1
132.1,1051,82.9F,9.1
132.15,1048,82.9F,9.1
132.2,1045,82.9F,9.1
132.25,1039,82.9F,9.1
132.3,1036,82.9F,9.1
132.35,1032,82.9F,9.1
132.4,1029,82.9F,9.1
132.45,1027,82.9F,9.1
132.5,1023,82.9F,9.1
132.55,1021,82.9F,9.1
132.6,1018,82.9F,9.1
132.65,1014,82.9F,9.1
132.7,1010,82.9F,9.1
132.75,1007,82.9F,9.1
132.8,1005,82.9F,9.1
132.85,1002,82.9F,9.1
132.9,999,82.9F,9.1
132.95,997,82.9F,9.1
133.0,992,82.9F,9.1
133.05,990,82.9F,9.1
133.1,986,82.9F,9.1
133.15,983,82.9F,9.1
133.2,981,82.9F,9.1
133.25,979,82.9F,9.1
133.3,976,82.9F,9.1
133.35,971,82.9F,9.1
133.4,969,82.9F,9.1
133.45,966,82.9F,9.1
133.5,963,82.9F,9.1
133.55,961,82.9F,9.1
133.6,959,82.9F,9.1
133.65,956,82.9F,9.1
133.7,954,82.8F,9.1
133.75,951,82.9F,9.1
133.8,949,82.8F,9.1
133.85,947,82.8F,9.1
133.9,944,82.8F,9.1
133.95,942,82.8F,9.1
134.0,939,82.8F,9.1
134.05,935,82.8F,9.1
134.1,932,82.8F,9.1
134.15,930,82.8F,9.1
134.2,927,82.8F,9.1
134.25,924,82.8F,9.1
134.3,922,82.8F,9.1
134.35,919,82.8F,9.1
134.4,917,82.8F,9.1
134.45,914,82.8F,9.1
134.5,910,82.8F,9.1
134.55,908,82.8F,9.1
134.6,904,82.8F,9.1
134.65,900,82.8F,9.1
134.7,864,82.8F,8.7
134.75,697,82.8F,8.2
134.8,962,82.8F,8.1
134.85,892,82.8F,7.8
134.9,889,82.8F,7.4
134.95,886,82.8F,6.9
135.0,887,82.8F,6.4
135.05,882,82.8F,6.0
135.1,885,82.7F,5.9
135.15,881,82.7F,5.3
135.2,887,82.7F,5.6
135.25,886,82.7F,5.3
135.3,886,82.7F,4.9
135.35,886,82.7F,4.7
135.4,889,82.7F,4.6
135.45,892,82.7F,4.6
135.5,888,82.7F,4.5
135.55,883,82.7F,4.4
135.6,873,82.7F,4.4
135.65,867,82.7F,4.4
135.7,859,82.6F,8.5
135.75,851,82.6F,8.6
135.8,839,82.6F,8.6
135.85,835,82.6F,8.7
135.9,833,82.6F,8.7
135.95,834,82.6F,8.7
136.0,839,82.6F,8.7
136.05,839,82.6F,8.8
136.1,831,82.6F,8.8
136.15,825,82.6F,8.8
136.2,820,82.6F,8.8
136.25,817,82.6F,8.8
136.3,824,82.6F,8.8
136.35,822,82.6F,8.9
136.4,824,82.6F,8.9
136.45,817,82.6F,8.9
136.5,808,82.6F,8.9
136.55,802,82.6F,8.9
136.6,800,82.6F,8.9
136.65,795,82.6F,8.9
136.7,797,82.5F,8.9
136.75,798,82.6F,8.9
136.8,796,82.5F,8.9
136.85,790,82.5F,8.9
136.9,787,82.5F,8.9
136.95,788,82.5F,8.9
137.0,775,82.5F,8.9
137.05,779,82.5F,8.9
137.1,771,82.5F,8.9
137.15,769,82.5F,8.9
137.2,763,82.5F,8.9
137.25,757,82.5F,9.0
137.3,753,82.5F,8.9
137.35,752,82.5F,9.0
137.4,749,82.5F,9.0
137.45,748,82.4F,9.0
137.5,746,82.4F,9.0
137.55,746,82.4F,9.0
137.6,744,82.4F,9.0
137.65,742,82.4F,9.0
137.7,742,82.4F,9.0
137.75,741,82.4F,9.0
137.8,740,82.4F,9.0
137.85,738,82.4F,9.0
137.9,738,82.4F,9.0
137.95,736,82.4F,9.0
138.0,734,82.4F,9.0
138.05,735,82.4F,9.0
138.1,736,82.4F,9.0
138.15,735,82.4F,9.0
138.2,733,82.4F,9.0
138.25,731,82.4F,9.0
138.3,727,82.4F,9.0
138.35,728,82.4F,9.0
138.4,727,82.4F,9.0
138.45,726,82.4F,9.0
138.5,724,82.4F,9.0
138.55,722,82.4F,9.0
138.6,720,82.4F,9.0
138.65,719,82.4F,9.0
138.7,718,82.4F,9.0
138.75,716,82.4F,9.0
138.8,718,82.4F,9.0
138.85,717,82.4F,9.0
138.9,716,82.4F,9.0
138.95,715,82.4F,9.0
139.0,714,82.4F,9.0
139.05,712,82.4F,9.0
139.1,709,82.4F,9.0
139.15,708,82.4F,9.0
139.2,705,82.4F,9.0
139.25,705,82.4F,9.0
139.3,705,82.4F,9.0
139.35,704,82.4F,9.0
139.4,702,82.4F,9.0
139.45,699,82.4F,9.0
139.5,699,82.3F,9.0
139.55,698,82.4F,9.0
139.6,696,82.4F,9.0
139.65,694,82.4F,9.0
139.7,692,82.4F,9.0
139.75,691,82.3F,9.0
139.8,690,82.3F,9.0
139.85,688,82.4F,9.0
139.9,686,82.3F,9.0
139.95,686,82.3F,9.0
140.0,683,82.3F,9.0
140.05,682,82.3F,9.0
140.1,681,82.3F,9.1
140.15,680,82.3F,9.0
140.2,679,82.3F,9.0
140.25,679,82.3F,9.0
140.3,678,82.3F,9.0
140.35,676,82.3F,9.1
140.4,674,82.3F,9.1
140.45,674,82.3F,9.1
140.5,673,82.3F,9.1
140.55,671,82.3F,9.1
140.6,670,82.3F,9.1
140.65,668,82.3F,9.1
140.7,667,82.3F,9.1
140.75,667,82.3F,9.1
140.8,665,82.3F,9.1
140.85,664,82.3F,9.1
140.9,661,82.3F,9.1
140.95,660,82.3F,9.1
141.0,659,82.3F,9.1
141.05,659,82.3F,9.1
141.1,658,82.3F,9.1
141.15,657,82.3F,9.1
141.2,654,82.3F,9.1
141.25,653,82.3F,9.1
141.3,652,82.3F,9.1
141.35,651,82.3F,9.1
141.4,650,82.3F,9.1
141.45,649,82.3F,9.1
141.5,647,82.3F,9.1
141.55,647,82.3F,9.1
141.6,645,82.3F,9.1
141.65,646,82.3F,9.1
141.7,643,82.3F,9.1
141.75,644,82.3F,9.1
141.8,643,82.3F,9.1
141.85,641,82.3F,9.1
141.9,639,82.3F,9.1
141.95,639,82.3F,9.1
142.0,639,82.3F,9.1
142.05,637,82.3F,9.1
142.1,636,82.3F,9.1
142.15,635,82.3F,9.1
142.2,633,82.3F,9.1
142.25,632,82.3F,9.1
142.3,630,82.3F,9.1
142.35,630,82.3F,9.1
142.4,627,82.3F,9.1
142.45,626,82.3F,9.1
142.5,623,82.3F,9.1
142.55,620,82.3F,9.1
142.6,620,82.3F,9.1
142.65,619,82.2F,9.1
142.7,618,82.2F,9.1
142.75,616,82.2F,9.1
142.8,615,82.2F,9.1
142.85,614,82.2F,9.1
142.9,614,82.2F,9.1
142.95,612,82.2F,9.1
143.0,610,82.2F,9.1
143.05,609,82.2F,9.1
143.1,607,82.2F,9.1
143.15,607,82.2F,9.1
143.2,605,82.2F,9.1
143.25,606,82.2F,9.1
143.3,604,82.2F,9.1
143.35,602,82.2F,9.1
143.4,601,82.2F,9.1
143.45,598,82.2F,9.1
143.5,598,82.2F,9.1
143.55,597,82.2F,9.1
143.6,597,82.2F,9.1
143.65,594,82.2F,9.1
143.7,592,82.2F,9.1
143.75,592,82.2F,9.1
143.8,590,82.2F,9.1
143.85,589,82.2F,9.1
143.9,587,82.2F,9.1
143.95,587,82.2F,9.1
144.0,586,82.2F,9.1
144.05,584,82.2F,9.1
144.1,583,82.2F,9.1
144.15,582,82.2F,9.1
144.2,581,82.2F,9.1
144.25,581,82.2F,9.1
144.3,578,82.1F,9.1
144.35,578,82.2F,9.1
144.4,577,82.1F,9.1
144.45,574,82.2F,9.1
144.5,576,82.1F,9.1
144.55,572,82.2F,9.1
144.6,571,82.1F,9.1
144.65,570,82.1F,9.1
144.7,569,82.1F,9.1
144.75,567,82.1F,9.1
144.8,565,82.1F,9.1
144.85,563,82.1F,9.1
144.9,565,82.1F,9.1
144.95,564,82.1F,9.1
145.0,560,82.1F,9.1
145.05,559,82.1F,9.1
145.1,558,82.1F,9.1
145.15,556,82.1F,9.1
145.2,556,82.1F,9.1
145.25,556,82.1F,9.1
145.3,553,82.1F,9.1
145.35,551,82.1F,9.1
145.4,549,82.1F,9.1
145.45,548,82.1F,9.1
145.5,546,82.1F,9.1
145.55,544,82.1F,9.1
145.6,543,82.1F,9.1
145.65,544,82.1F,9.1
145.7,542,82.1F,9.1
145.75,540,82.1F,9.1
145.8,539,82.1F,9.1
145.85,538,82.1F,9.1
145.9,538,82.1F,9.1
145.95,536,82.1F,9.1
146.0,535,82.0F,9.1
146.05,533,82.1F,9.1
146.1,533,82.0F,9.1
146.15,532,82.1F,9.1
146.2,531,82.0F,9.1
146.25,529,82.0F,9.1
146.3,527,82.0F,9.1
146.35,525,82.0F,9.1
146.4,525,82.0F,9.1
146.45,524,82.0F,9.1
146.5,521,82.0F,9.1
146.55,521,82.0F,9.1
146.6,520,82.0F,9.1
146.65,519,82.0F,9.1
146.7,515,82.0F,9.1
146.75,516,82.0F,9.1
146.8,514,82.0F,9.1
146.85,513,82.0F,9.1
146.9,512,82.0F,9.1
146.95,510,82.0F,9.1
147.0,509,82.0F,9.1
147.05,506,82.0F,9.1
147.1,506,82.0F,9.1
147.15,504,82.0F,9.1
147.2,503,82.0F,9.1
147.25,502,82.0F,9.1
147.3,501,82.0F,9.1
147.35,500,82.0F,9.1
147.4,499,82.0F,9.1
147.45,496,82.0F,9.1
147.5,495,82.0F,9.1
147.55,495,82.0F,9.1
147.6,493,82.0F,9.1
147.65,491,82.0F,9.1
147.7,491,82.0F,9.1
147.75,491,82.0F,9.1
147.8,490,82.0F,9.1
147.85,488,82.0F,9.1
147.9,486,82.0F,9.1
147.95,485,82.0F,9.1
148.0,483,82.0F,9.1
148.05,482,82.0F,9.1
148.1,480,82.0F,9.1
148.15,479,82.0F,9.1
148.2,478,82.0F,9.1
148.25,476,82.0F,9.1
148.3,474,82.0F,9.1
148.35,474,82.0F,9.1
148.4,474,82.0F,9.1
148.45,471,82.0F,9.1
148.5,469,82.0F,9.1
148.55,469,82.0F,9.1
148.6,468,81.9F,9.1
148.65,467,81.9F,9.1
148.7,465,81.9F,9.1
148.75,464,81.9F,9.1
148.8,463,81.9F,9.1
148.85,462,81.9F,9.1
148.9,460,81.9F,9.1
148.95,459,81.9F,9.1
149.0,458,81.9F,9.1
149.05,458,81.9F,9.1
149.1,455,81.9F,9.1
149.15,455,81.9F,9.1
149.2,453,81.9F,9.1
149.25,452,81.9F,9.1
149.3,452,81.9F,9.1
149.35,450,81.9F,9.1
149.4,449,81.9F,9.1
149.45,449,81.9F,9.1
149.5,446,81.9F,9.1
149.55,445,81.9F,9.1
149.6,444,81.9F,9.1
149.65,443,81.9F,9.1
149.7,442,81.9F,9.1
149.75,441,81.9F,9.1
149.8,439,81.9F,9.1
149.85,437,81.9F,9.1
149.9,436,81.9F,9.1
149.95,435,81.9F,9.1
150.0,433,81.9F,9.1
150.05,433,81.9F,9.1
150.1,430,81.9F,9.1
150.15,430,81.9F,9.1
150.2,429,81.9F,9.1
150.25,428,81.9F,9.1
150.3,425,81.9F,9.1
150.35,424,81.9F,9.1
150.4,424,81.9F,9.1
150.45,423,81.9F,9.1
150.5,421,81.9F,9.1
150.55,421,81.8F,9.1
150.6,418,81.9F,9.1
150.65,417,81.8F,9.1
150.7,415,81.8F,9.1
150.75,415,81.8F,9.1
150.8,414,81.8F,9.1
150.85,412,81.8F,9.1
150.9,410,81.8F,9.1
150.95,408,81.8F,9.1
151.0,408,81.8F,9.1
151.05,407,81.8F,9.1
151.1,405,81.8F,9.1
151.15,404,81.8F,9.1
151.2,404,81.8F,9.1
151.25,402,81.8F,9.1
151.3,400,81.8F,9.1
151.35,399,81.8F,9.1
151.4,398,81.8F,9.1
151.45,398,81.8F,9.1
151.5,395,81.8F,9.1
151.55,395,81.8F,9.1
151.6,392,81.8F,9.1
151.65,392,81.8F,9.1
151.7,390,81.8F,9.1
151.75,391,81.8F,9.1
151.8,388,81.8F,9.1
151.85,387,81.8F,9.1
151.9,386,81.8F,9.1
151.95,384,81.8F,9.1
152.0,383,81.8F,9.1
152.05,381,81.8F,9.1
152.1,381,81.8F,9.1
152.15,378,81.8F,9.1
152.2,378,81.8F,9.1
152.25,376,81.8F,9.1
152.3,375,81.8F,9.1
152.35,374,81.8F,9.1
152.4,372,81.7F,9.1
152.45,372,81.7F,9.1
152.5,371,81.7F,9.1
152.55,368,81.7F,9.1
152.6,368,81.7F,9.1
152.65,367,81.7F,9.1
152.7,366,81.7F,9.1
152.75,364,81.7F,9.1
152.8,363,81.7F,9.1
152.85,361,81.7F,9.1
152.9,360,81.7F,9.1
152.95,358,81.7F,9.1
153.0,358,81.7F,9.1
153.05,355,81.7F,9.1
153.1,354,81.7F,9.1
153.15,352,81.7F,9.1
153.2,350,81.7F,9.1
153.25,350,81.7F,9.1
153.3,348,81.7F,9.1
153.35,346,81.7F,9.1
153.4,345,81.7F,9.1
153.45,343,81.7F,9.1
153.5,341,81.7F,9.1
153.55,341,81.7F,9.1
153.6,340,81.7F,9.1
153.65,338,81.7F,9.1
153.7,338,81.7F,9.1
153.75,335,81.7F,9.1
153.8,334,81.7F,9.1
153.85,334,81.7F,9.1
153.9,333,81.7F,9.1
153.95,333,81.7F,9.1
154.0,329,81.7F,9.1
154.05,328,81.7F,9.1
154.1,327,81.7F,9.1
154.15,326,81.7F,9.1
154.2,325,81.6F,9.1
154.25,324,81.6F,9.1
154.3,322,81.7F,9.1
154.35,322,81.6F,9.1
154.4,320,81.6F,9.1
154.45,319,81.6F,9.1
154.5,318,81.6F,9.1
154.55,316,81.6F,9.1
154.6,315,81.6F,9.1
154.65,316,81.6F,9.1
154.7,313,81.6F,9.1
154.75,310,81.6F,9.1
154.8,308,81.6F,9.1
154.85,308,81.6F,9.1
154.9,306,81.6F,9.1
154.95,304,81.6F,9.1
155.0,303,81.6F,9.1
155.05,302,81.6F,9.1
155.1,301,81.6F,9.1
155.15,298,81.6F,9.1
155.2,297,81.6F,9.1
155.25,298,81.6F,9.1
155.3,296,81.6F,9.1
155.35,294,81.6F,9.1
155.4,293,81.6F,9.1
155.45,292,81.6F,9.1
155.5,290,81.6F,9.1
155.55,289,81.6F,9.1
155.6,287,81.6F,9.1
155.65,286,81.6F,9.1
155.7,285,81.6F,9.1
155.75,284,81.6F,9.1
155.8,285,81.6F,9.1
155.85,282,81.6F,9.1
155.9,280,81.6F,9.1
155.95,278,81.6F,9.1
156.0,277,81.6F,9.1
156.05,276,81.6F,9.1
156.1,275,81.5F,9.1
156.15,273,81.5F,9.1
156.2,272,81.5F,9.1
156.25,271,81.5F,9.1
156.3,269,81.5F,9.1
156.35,268,81.5F,9.1
156.4,267,81.5F,9.1
156.45,265,81.5F,9.1
156.5,264,81.5F,9.1
156.55,262,81.5F,9.1
156.6,262,81.5F,9.1
156.65,260,81.5F,9.1
156.7,259,81.5F,9.1
156.75,258,81.5F,9.1
156.8,258,81.5F,9.1
156.85,256,81.5F,9.1
156.9,253,81.5F,9.1
156.95,252,81.5F,9.1
157.0,252,81.5F,9.1
157.05,252,81.5F,9.1
157.1,250,81.5F,9.1
157.15,248,81.5F,9.1
157.2,247,81.5F,9.1
157.25,245,81.5F,9.1
157.3,244,81.5F,9.1
157.35,243,81.5F,9.1
157.4,241,81.5F,9.1
157.45,239,81.5F,9.1
157.5,239,81.5F,9.1
157.55,236,81.5F,9.1
157.6,236,81.5F,9.1
157.65,236,81.5F,9.1
157.7,232,81.5F,9.1
157.75,231,81.5F,9.1
157.8,230,81.5F,9.1
157.85,228,81.4F,9.1
157.9,227,81.5F,9.1
157.95,227,81.4F,9.1
158.0,227,81.4F,9.1
158.05,224,81.4F,9.1
158.1,223,81.4F,9.1
158.15,222,81.4F,9.1
158.2,221,81.4F,9.1
158.25,220,81.4F,9.1
158.3,218,81.4F,9.1
158.35,217,81.4F,9.1
158.4,217,81.4F,9.1
158.45,215,81.4F,9.1
158.5,212,81.4F,9.1
158.55,213,81.4F,9.1
158.6,213,81.4F,9.1
158.65,210,81.4F,9.1
158.7,208,81.4F,9.1
158.75,207,81.4F,9.1
158.8,206,81.4F,9.1
158.85,205,81.4F,9.1
158.9,205,81.4F,9.1
158.95,203,81.4F,9.1
159.0,202,81.4F,9.1
159.05,201,81.4F,9.1
159.1,200,81.4F,9.1
159.15,199,81.4F,9.1
159.2,197,81.4F,9.1
159.25,194,81.4F,9.1
159.3,192,81.4F,9.1
159.35,191,81.4F,9.1
159.4,190,81.4F,9.1
159.45,190,81.4F,9.1
159.5,189,81.4F,9.1
159.55,187,81.4F,9.1
159.6,184,81.4F,9.1
159.65,184,81.4F,9.1
159.7,182,81.4F,9.1
159.75,181,81.4F,9.1
159.8,181,81.4F,9.1
159.85,178,81.4F,9.1
159.9,177,81.4F,9.1
159.95,176,81.4F,9.1
160.0,174,81.4F,9.1
160.05,174,81.4F,9.1
160.1,174,81.3F,9.1
160.15,172,81.3F,9.1
160.2,170,81.3F,9.1
160.25,170,81.3F,9.1
160.3,169,81.3F,9.1
160.35,168,81.3F,9.1
160.4,166,81.3F,9.1
160.45,164,81.3F,9.1
160.5,164,81.3F,9.1
160.55,162,81.3F,9.1
160.6,159,81.3F,9.1
160.65,159,81.3F,9.1
160.7,159,81.3F,9.1
160.75,156,81.3F,9.1
160.8,156,81.3F,9.1
160.85,154,81.3F,9.1
160.9,154,81.3F,9.1
160.95,153,81.3F,9.1
161.0,152,81.3F,9.1
161.05,150,81.3F,9.1
161.1,148,81.3F,9.1
161.15,149,81.3F,9.1
161.2,147,81.3F,9.1
161.25,147,81.3F,9.1
161.3,145,81.3F,9.1
161.35,143,81.3F,9.1
161.4,142,81.3F,9.1
161.45,142,81.3F,9.1
161.5,141,81.3F,9.1
161.55,140,81.3F,9.1
161.6,138,81.3F,9.1
161.65,137,81.3F,9.1
161.7,137,81.3F,9.1
161.75,134,81.3F,9.1
161.8,134,81.3F,9.1
161.85,133,81.2F,9.1
161.9,130,81.3F,9.1
161.95,130,81.2F,9.1
162.0,128,81.3F,9.1
162.05,127,81.3F,9.1
162.1,126,81.2F,9.1
162.15,125,81.2F,9.1
162.2,123,81.2F,9.1
162.25,122,81.2F,9.1
162.3,120,81.2F,9.1
162.35,118,81.2F,9.1
162.4,117,81.2F,9.1
162.45,116,81.2F,9.1
162.5,114,81.2F,9.1
162.55,115,81.2F,9.1
162.6,113,81.2F,9.1
162.65,112,81.2F,9.1
162.7,111,81.2F,9.1
162.75,110,81.2F,9.1
162.8,110,81.2F,9.1
162.85,108,81.2F,9.1
162.9,107,81.2F,9.1
162.95,107,81.2F,9.1
163.0,106,81.2F,9.1
163.05,103,81.2F,9.1
163.1,103,81.2F,9.1
163.15,102,81.2F,9.1
163.2,101,81.2F,9.1
163.25,100,81.2F,9.1
163.3,97,81.2F,9.1
163.35,97,81.2F,9.1
163.4,95,81.2F,9.1
163.45,94,81.2F,9.1
163.5,93,81.2F,9.1
163.55,93,81.2F,9.1
163.6,91,81.2F,9.1
163.65,89,81.2F,9.1
163.7,88,81.2F,9.1
163.75,85,81.2F,9.1
163.8,85,81.2F,9.1
163.85,83,81.2F,9.1
163.9,84,81.2F,9.1
163.95,80,81.2F,9.1
164.0,79,81.2F,9.1
164.05,76,81.1F,9.1
164.1,76,81.2F,9.1
164.15,75,81.2F,9.1
164.2,73,81.2F,9.1
164.25,71,81.1F,9.1
164.3,70,81.2F,9.1
164.35,69,81.1F,9.1
164.4,68,81.1F,9.1
164.45,67,81.1F,9.1
164.5,65,81.1F,9.1
164.55,64,81.1F,9.1
164.6,63,81.1F,9.1
164.65,61,81.1F,9.1
164.7,60,81.1F,9.1
164.75,60,81.1F,9.1
164.8,58,81.1F,9.1
164.85,57,81.1F,9.1
164.9,55,81.1F,9.1
164.95,55,81.1F,9.1
165.0,53,81.1F,9.1
165.05,52,81.1F,9.1
165.1,51,81.1F,9.1
165.15,50,81.1F,9.1
165.2,49,81.1F,9.1
165.25,46,81.1F,9.1
165.3,46,81.1F,9.1
165.35,46,81.1F,9.1
165.4,43,81.1F,9.1
165.45,43,81.1F,9.1
165.5,41,81.1F,9.1
165.55,41,81.1F,9.1
165.6,39,81.1F,9.1
165.65,36,81.1F,9.1
165.7,35,81.1F,9.1
165.75,36,81.1F,9.1
165.8,34,81.0F,9.1
165.85,33,81.1F,9.1
165.9,32,81.0F,9.1
165.95,31,81.0F,9.1
166.0,29,81.0F,9.1
166.05,28,81.0F,9.1
166.1,26,81.0F,9.1
166.15,26,81.0F,9.1
166.2,25,81.0F,9.1
166.25,24,81.0F,9.1
166.3,22,81.0F,9.1
166.35,21,81.0F,9.1
166.4,21,81.0F,9.1
166.45,18,81.0F,9.1
166.5,17,81.0F,9.1
166.55,16,81.0F,9.1
166.6,16,81.0F,9.1
166.65,15,81.0F,9.1
166.7,14,81.0F,9.1
166.75,12,81.0F,9.1
166.8,13,81.0F,9.1
166.85,11,81.0F,9.1
166.9,10,81.0F,9.1
166.95,8,81.0F,9.1
167.0,7,81.0F,9.1
167.05,6,81.0F,9.1
167.1,4,80.9F,9.1
167.15,2,80.9F,9.1
167.2,3,81.0F,9.1
167.25,0,81.0F,9.1
167.3,-1,81.0F,9.1
167.35,0,80.9F,9.1
167.4,-1,80.9F,9.1
167.45,-1,80.9F,9.1
167.5,-3,80.9F,9.1
167.55,-3,80.9F,9.1
167.6,-4,80.9F,9.1
167.65,-3,80.9F,9.1
167.7,-4,80.9F,9.1
167.75,-3,80.9F,9.1
167.8,-4,80.9F,9.1
167.85,-4,80.9F,9.1
167.9,-4,80.9F,9.1
167.95,-4,80.9F,9.1
168.0,-3,80.9F,9.1
168.05,-5,80.9F,9.1
168.1,-5,80.9F,9.1
168.15,-5,80.9F,9.1
168.2,-4,80.9F,9.1
168.25,-4,80.9F,9.1
168.3,-5,80.9F,9.1
168.35,-3,80.9F,9.1
168.4,-5,80.9F,9.1
168.45,-5,80.9F,9.1
168.5,-4,80.9F,9.1
168.55,-5,80.9F,9.1
168.6,-4,80.9F,9.1
168.65,-5,80.9F,9.1
168.7,-4,80.9F,9.1
168.75,-3,80.9F,9.1
168.8,-5,80.9F,9.1
168.85,-4,80.9F,9.1
168.9,-4,80.9F,9.1
168.95,-5,80.9F,9.1
169.0,-4,80.9F,9.1
169.05,-4,80.9F,9.1
169.1,-4,80.9F,9.1
169.15,-3,80.9F,9.1
169.2,-4,80.9F,9.1
169.25,-4,80.9F,9.1
169.3,-5,80.8F,9.1
169.35,-4,80.8F,9.1
169.4,-4,80.9F,9.1
169.45,-4,80.9F,9.1
169.5,-6,80.9F,9.1
169.55,-5,80.8F,9.1
169.6,-4,80.8F,9.1
169.65,-4,80.8F,9.1
169.7,-4,80.8F,9.1
169.75,-5,80.8F,9.1
169.8,-4,80.8F,9.1
169.85,-5,80.8F,9.1
169.9,-5,80.8F,9.1
169.95,-4,80.8F,9.1
170.0,-4,80.8F,9.1
170.05,-4,80.8F,9.1
170.1,-5,80.8F,9.1
170.15,-5,80.8F,9.1
170.2,-5,80.8F,9.1
170.25,-4,80.8F,9.1
170.3,-4,80.8F,9.1
170.35,-3,80.8F,9.1
170.4,-5,80.8F,9.1
170.45,-3,80.8F,9.1
170.5,-4,80.8F,9.1
170.55,-5,80.8F,9.1
170.6,-5,80.8F,9.1
170.65,-5,80.8F,9.1
170.7,-5,80.8F,9.1
170.75,-3,80.8F,9.1
170.8,-5,80.8F,9.1
170.85,-5,80.8F,9.1
170.9,-5,80.8F,9.1
170.95,-4,80.8F,9.1
171.0,-5,80.8F,9.1
171.05,-4,80.8F,9.1
171.1,-4,80.8F,9.1
171.15,-4,80.8F,9.1
171.2,-4,80.8F,9.1
171.25,-5,80.8F,9.1
171.3,-5,80.8F,9.1
171.35,-5,80.8F,9.1
171.4,-4,80.8F,9.1
171.45,-5,80.8F,9.1
171.5,-5,80.8F,9.1
171.55,-5,80.8F,9.1
171.6,-4,80.7F,9.1
171.65,-4,80.7F,9.1
171.7,-3,80.7F,9.1
171.75,-4,80.7F,9.1
171.8,-4,80.7F,9.1
171.85,-4,80.7F,9.1
171.9,-4,80.7F,9.1
171.95,-4,80.7F,9.1
172.0,-4,80.7F,9.1
172.05,-6,80.7F,9.1
172.1,-4,80.7F,9.1
172.15,-5,80.7F,9.1
172.2,-4,80.7F,9.1
172.25,-4,80.7F,9.1
172.3,-3,80.7F,9.1
172.35,-4,80.7F,9.1
172.4,-4,80.7F,9.1
172.45,-5,80.7F,9.1
172.5,-3,80.7F,9.1
172.55,-4,80.7F,9.1
172.6,-4,80.7F,9.1
172.65,-2,80.7F,9.1
172.7,-5,80.7F,9.1
172.75,-4,80.7F,9.1
172.8,-4,80.7F,9.1
172.85,-4,80.7F,9.1
172.9,-3,80.7F,9.1
172.95,-5,80.7F,9.1
173.0,-4,80.7F,9.1
173.05,-6,80.7F,9.1
173.1,-5,80.7F,9.1
173.15,-5,80.7F,9.1
173.2,-5,80.7F,9.1
173.25,-5,80.7F,9.1
173.3,-6,80.7F,9.1
173.35,-4,80.7F,9.1
173.4,-4,80.7F,9.1
173.45,-5,80.7F,9.1
173.5,-5,80.7F,9.1
173.55,-4,80.7F,9.1
173.6,-4,80.7F,9.1
173.65,-4,80.7F,9.1
173.7,-4,80.7F,9.1
173.75,-6,80.7F,9.1
173.8,-5,80.7F,9.1
173.85,-5,80.7F,9.1
173.9,-5,80.7F,9.1
173.95,-5,80.7F,9.1
174.0,-5,80.7F,9.1
174.05,-4,80.6F,9.1
174.1,-4,80.6F,9.1
174.15,-4,80.6F,9.1
174.2,-5,80.6F,9.1
174.25,-4,80.6F,9.1
174.3,-4,80.6F,9.1
174.35,-4,80.6F,9.1
174.4,-4,80.6F,9.1
174.45,-4,80.6F,9.1
174.5,-4,80.6F,9.1
174.55,-5,80.6F,9.1
174.6,-3,80.6F,9.1
174.65,-5,80.6F,9.1
174.7,-5,80.6F,9.1
174.75,-5,80.6F,9.1
174.8,-5,80.6F,9.1
174.85,-4,80.6F,9.1
174.9,-4,80.6F,9.1
174.95,-3,80.6F,9.1
175.0,-5,80.6F,9.1
175.05,-5,80.6F,9.1
175.1,-5,80.6F,9.1
175.15,-3,80.6F,9.1
175.2,-5,80.6F,9.1
175.25,-5,80.6F,9.1
175.3,-5,80.6F,9.1
175.35,-4,80.6F,9.1
175.4,-3,80.6F,9.1
175.45,-4,80.6F,9.1
175.5,-5,80.6F,9.1
175.55,-4,80.6F,9.1
